formula,surface_facet,adsorbate,E_clean_slab_eV,E_slab_with_h_eV,E_h2_eV,ΔGH_eV,descriptor_eV,source,status,timestamp,dataset_origin,mob_quality_flag,performance_label
Mo2N,(100),H,-76.625458,-79.532149,-6.438413,0.3125154999999906,0.3125154999999906,GPAW_LDA,completed,2026-02-16T08:57:58.060789,outputs_partial,,good_reasonable
Mo2N,(100)_dopAg,H,-69.774294,-72.069872,-6.438413,0.9236284999999937,0.9236284999999937,GPAW_LDA,completed,2026-02-16T10:57:47.483078,outputs_partial,,weak_outside_range
Mo2N,(100)_dopAu,H,-70.057059,-72.352813,-6.438413,0.9234524999999976,0.9234524999999976,GPAW_LDA,completed,2026-02-16T12:40:05.734947,outputs_partial,,weak_outside_range
Mo2N,(100)_dopIr,H,-74.545863,-77.113547,-6.438413,0.6515225,0.6515225,GPAW_LDA,completed,2026-02-16T14:22:37.948918,outputs_partial,,weak_outside_range
Mo2N,(100)_dopNi,H,-72.744906,-75.083893,-6.438413,0.8802194999999968,0.8802194999999968,GPAW_LDA,completed,2026-02-16T16:21:42.491038,outputs_partial,,weak_outside_range
Mo2N,(100)_dopPd,H,-70.776891,-73.032441,-6.438413,0.9636565000000004,0.9636565000000004,GPAW_LDA,completed,2026-02-16T18:16:37.766391,outputs_partial,,weak_outside_range
Mo2N,(100)_dopPt,H,-72.785399,-75.164257,-6.438413,0.8403484999999917,0.8403484999999917,GPAW_LDA,completed,2026-02-16T20:09:53.489927,outputs_partial,,weak_outside_range
Mo2N,(100)_dopRu,H,-74.616007,-77.223672,-6.438413,0.6115415000000026,0.6115415000000026,GPAW_LDA,completed,2026-02-16T21:58:18.626550,outputs_partial,,weak_outside_range
Mo2N,(100)_vacMo,H,-66.07039,-67.673544,-6.438413,1.6160524999999963,1.6160524999999963,GPAW_LDA,completed,2026-02-16T23:18:43.888369,outputs_partial,,weak_outside_range
Mo2N,(100)_vacN,H,-76.625458,-79.532149,-6.438413,0.3125154999999906,0.3125154999999906,GPAW_LDA,completed,2026-02-17T00:35:22.578703,outputs_partial,,good_reasonable
Mo2N,(110),H,-76.625458,-79.532149,-6.438413,0.3125154999999906,0.3125154999999906,GPAW_LDA,completed,2026-02-17T01:52:25.374399,outputs_partial,,good_reasonable
Mo2N,(110)_dopAg,H,-69.774294,-72.069872,-6.438413,0.9236284999999937,0.9236284999999937,GPAW_LDA,completed,2026-02-17T03:51:57.415452,outputs_partial,,weak_outside_range
Mo2N,(110)_dopAu,H,-70.057059,-72.352813,-6.438413,0.9234524999999976,0.9234524999999976,GPAW_LDA,completed,2026-02-17T05:32:45.075143,outputs_partial,,weak_outside_range
Mo2N,(110)_dopIr,H,-74.545863,-77.113547,-6.438413,0.6515225,0.6515225,GPAW_LDA,completed,2026-02-17T07:16:55.456785,outputs_partial,,weak_outside_range
Mo2N,(110)_dopNi,H,-72.744906,-75.083893,-6.438413,0.8802194999999968,0.8802194999999968,GPAW_LDA,completed,2026-02-17T09:17:03.460070,outputs_partial,,weak_outside_range
Mo2N,(110)_dopPd,H,-70.776891,-73.032441,-6.438413,0.9636565000000004,0.9636565000000004,GPAW_LDA,completed,2026-02-17T11:15:21.489950,outputs_partial,,weak_outside_range
Mo2N,(110)_dopPt,H,-72.785399,-75.164257,-6.438413,0.8403484999999917,0.8403484999999917,GPAW_LDA,completed,2026-02-17T13:09:31.842737,outputs_partial,,weak_outside_range
Mo2N,(110)_dopRu,H,-74.616007,-77.223672,-6.438413,0.6115415000000026,0.6115415000000026,GPAW_LDA,completed,2026-02-17T14:57:19.620968,outputs_partial,,weak_outside_range
Mo2N,(110)_vacMo,H,-66.07039,-67.673544,-6.438413,1.6160524999999963,1.6160524999999963,GPAW_LDA,completed,2026-02-17T16:16:12.317472,outputs_partial,,weak_outside_range
Mo2N,(110)_vacN,H,-76.625458,-79.532149,-6.438413,0.3125154999999906,0.3125154999999906,GPAW_LDA,completed,2026-02-17T17:35:04.023467,outputs_partial,,good_reasonable
Mo2N,(111),H,-76.625458,-79.532149,-6.438413,0.3125154999999906,0.3125154999999906,GPAW_LDA,completed,2026-02-17T18:51:06.619957,outputs_partial,,good_reasonable
Mo2N,(111)_dopAg,H,-69.774294,-72.069872,-6.438413,0.9236284999999937,0.9236284999999937,GPAW_LDA,completed,2026-02-17T20:52:06.140361,outputs_partial,,weak_outside_range
Mo2N,(111)_dopAu,H,-70.057059,-72.352813,-6.438413,0.9234524999999976,0.9234524999999976,GPAW_LDA,completed,2026-02-17T22:33:46.486830,outputs_partial,,weak_outside_range
Mo2N,(111)_dopIr,H,-74.545863,-77.113547,-6.438413,0.6515225,0.6515225,GPAW_LDA,completed,2026-02-18T00:19:11.654156,outputs_partial,,weak_outside_range
Mo2N,(111)_dopNi,H,-72.744906,-75.083893,-6.438413,0.8802194999999968,0.8802194999999968,GPAW_LDA,completed,2026-02-18T02:18:27.653044,outputs_partial,,weak_outside_range
Mo2N,(111)_dopPd,H,-70.776891,-73.032441,-6.438413,0.9636565000000004,0.9636565000000004,GPAW_LDA,completed,2026-02-18T04:15:38.003650,outputs_partial,,weak_outside_range
Mo2N,(111)_dopPt,H,-72.785399,-75.164257,-6.438413,0.8403484999999917,0.8403484999999917,GPAW_LDA,completed,2026-02-18T06:06:44.776711,outputs_partial,,weak_outside_range
Mo2N,(111)_dopRu,H,-74.616007,-77.223672,-6.438413,0.6115415000000026,0.6115415000000026,GPAW_LDA,completed,2026-02-18T07:54:58.623896,outputs_partial,,weak_outside_range
Mo2N,(111)_vacMo,H,-66.07039,-67.673544,-6.438413,1.6160524999999963,1.6160524999999963,GPAW_LDA,completed,2026-02-18T09:12:46.063915,outputs_partial,,weak_outside_range
Mo2N,(111)_vacN,H,-76.625458,-79.532149,-6.438413,0.3125154999999906,0.3125154999999906,GPAW_LDA,completed,2026-02-18T10:29:09.360348,outputs_partial,,good_reasonable
Mo2N,(100),H,-76.625458,-79.532149,-6.438413,0.3125154999999906,0.3125154999999906,GPAW_LDA,completed,2026-02-04T10:27:00.988945,outputs_partial,,good_reasonable
Mo2N,(110),H,-76.625458,-79.532149,-6.438413,0.3125154999999906,0.3125154999999906,GPAW_LDA,completed,2026-02-04T10:40:21.615505,outputs_partial,,good_reasonable
Mo2N,(111),H,-76.625458,-79.532149,-6.438413,0.3125154999999906,0.3125154999999906,GPAW_LDA,completed,2026-02-04T10:53:57.671912,outputs_partial,,good_reasonable
MoP,(100),H,-55.218108,-57.724061,-6.438413,0.7132535000000018,0.7132535000000018,GPAW_LDA,completed,2026-02-18T10:40:27.006863,outputs_partial,,weak_outside_range
MoP,(110),H,-55.218108,-57.724061,-6.438413,0.7132535000000018,0.7132535000000018,GPAW_LDA,completed,2026-02-18T10:51:51.909668,outputs_partial,,weak_outside_range
MoP,(111),H,-55.218108,-57.724061,-6.438413,0.7132535000000018,0.7132535000000018,GPAW_LDA,completed,2026-02-18T11:02:52.962906,outputs_partial,,weak_outside_range
MoP,(100),H,-55.218108,-57.724061,-6.438413,0.7132535000000018,0.7132535000000018,GPAW_LDA,completed,2026-02-04T10:04:41.382788,outputs_partial,,weak_outside_range
MoP,(110),H,-55.218108,-57.724061,-6.438413,0.7132535000000018,0.7132535000000018,GPAW_LDA,completed,2026-02-04T10:09:06.192077,outputs_partial,,weak_outside_range
MoP,(111),H,-55.218108,-57.724061,-6.438413,0.7132535000000018,0.7132535000000018,GPAW_LDA,completed,2026-02-04T10:13:36.873670,outputs_partial,,weak_outside_range
MoS2,(100),H,-89.609782,-91.027663,-6.438413,1.8013254999999915,1.8013254999999915,GPAW_LDA,completed,2026-02-18T11:36:49.273822,outputs_partial,,weak_outside_range
MoS2,(100)_sheet,H,-358.400114,-359.816049,-6.438413,1.8032714999999526,1.8032714999999526,GPAW_LDA,completed,2026-02-18T16:43:26.598540,outputs_partial,,weak_outside_range
MoS2,(100)_vac2S,H,-76.62321,-77.794701,-6.438413,2.0477154999999967,2.0477154999999967,GPAW_LDA,completed,2026-02-18T17:22:04.259823,outputs_partial,,weak_outside_range
MoS2,(100)_vacS,H,-83.290164,-84.417703,-6.438413,2.091667500000001,2.091667500000001,GPAW_LDA,completed,2026-02-18T18:03:56.851376,outputs_partial,,weak_outside_range
MoS2,(110),H,-89.609782,-91.027663,-6.438413,1.8013254999999915,1.8013254999999915,GPAW_LDA,completed,2026-02-18T18:37:41.597732,outputs_partial,,weak_outside_range
MoS2,(110)_sheet,H,-358.400114,-359.816049,-6.438413,1.8032714999999526,1.8032714999999526,GPAW_LDA,completed,2026-02-18T23:45:08.343572,outputs_partial,,weak_outside_range
MoS2,(110)_vac2S,H,-76.62321,-77.794701,-6.438413,2.0477154999999967,2.0477154999999967,GPAW_LDA,completed,2026-02-19T00:23:40.559718,outputs_partial,,weak_outside_range
MoS2,(110)_vacS,H,-83.290164,-84.417703,-6.438413,2.091667500000001,2.091667500000001,GPAW_LDA,completed,2026-02-19T01:06:40.799015,outputs_partial,,weak_outside_range
MoS2,(111),H,-89.609782,-91.027663,-6.438413,1.8013254999999915,1.8013254999999915,GPAW_LDA,completed,2026-02-19T01:41:02.877980,outputs_partial,,weak_outside_range
MoS2,(111)_sheet,H,-358.400114,-359.816049,-6.438413,1.8032714999999526,1.8032714999999526,GPAW_LDA,completed,2026-02-19T06:43:48.026413,outputs_partial,,weak_outside_range
MoS2,(111)_vac2S,H,-76.62321,-77.794701,-6.438413,2.0477154999999967,2.0477154999999967,GPAW_LDA,completed,2026-02-19T07:22:02.291672,outputs_partial,,weak_outside_range
MoS2,(111)_vacS,H,-83.290164,-84.417703,-6.438413,2.091667500000001,2.091667500000001,GPAW_LDA,completed,2026-02-19T08:03:54.427145,outputs_partial,,weak_outside_range
MoS2,(100),H,-89.609782,-91.027663,-6.438413,1.8013254999999915,1.8013254999999915,GPAW_LDA,completed,2026-02-04T09:24:10.860441,outputs_partial,,weak_outside_range
MoS2,(110),H,-89.609782,-91.027663,-6.438413,1.8013254999999915,1.8013254999999915,GPAW_LDA,completed,2026-02-04T09:31:26.582651,outputs_partial,,weak_outside_range
MoS2,(111),H,-89.609782,-91.027663,-6.438413,1.8013254999999915,1.8013254999999915,GPAW_LDA,completed,2026-02-04T09:38:50.760751,outputs_partial,,weak_outside_range
MoS2,edge_Mo,H,-245.946636,-247.403318,-6.438413,1.7625244999999992,1.7625244999999992,GPAW_LDA,completed,2026-02-19T13:48:15.885475,outputs_partial,,weak_outside_range
MoS2,edge_Mo_large,H,-643.234117,-644.898051,-6.438413,1.5552724999999596,1.5552724999999596,GPAW_LDA,completed,2026-02-20T15:28:53.745498,outputs_partial,,weak_outside_range
MoS2,edge_S,H,-246.697839,-248.029457,-6.438413,1.8875884999999797,1.8875884999999797,GPAW_LDA,completed,2026-02-20T21:11:10.971358,outputs_partial,,weak_outside_range
MoS2,edge_S_large,H,-643.859398,-645.569077,-6.438413,1.5095275000000625,1.5095275000000625,GPAW_LDA,completed,2026-02-21T22:48:58.413926,outputs_partial,,weak_outside_range
MoSe2,(100),H,-83.13405,-84.609804,-6.438413,1.743452500000005,1.743452500000005,GPAW_LDA,completed,2026-02-21T23:24:17.335863,outputs_partial,,weak_outside_range
MoSe2,(100)_sheet,H,-332.500237,-333.992647,-6.438413,1.72679650000005,1.72679650000005,GPAW_LDA,completed,2026-02-22T04:16:51.548078,outputs_partial,,weak_outside_range
MoSe2,(100)_vac2Se,H,-70.941114,-72.078254,-6.438413,2.0820664999999976,2.0820664999999976,GPAW_LDA,completed,2026-02-22T04:54:50.734579,outputs_partial,,weak_outside_range
MoSe2,(100)_vacSe,H,-77.136843,-78.283583,-6.438413,2.0724665000000058,2.0724665000000058,GPAW_LDA,completed,2026-02-22T05:36:27.314687,outputs_partial,,weak_outside_range
MoSe2,(110),H,-83.13405,-84.609804,-6.438413,1.743452500000005,1.743452500000005,GPAW_LDA,completed,2026-02-22T06:11:08.456918,outputs_partial,,weak_outside_range
MoSe2,(110)_sheet,H,-332.500237,-333.992647,-6.438413,1.72679650000005,1.72679650000005,GPAW_LDA,completed,2026-02-22T11:06:04.933742,outputs_partial,,weak_outside_range
MoSe2,(110)_vac2Se,H,-70.941114,-72.078254,-6.438413,2.0820664999999976,2.0820664999999976,GPAW_LDA,completed,2026-02-22T11:43:10.657984,outputs_partial,,weak_outside_range
MoSe2,(110)_vacSe,H,-77.136843,-78.283583,-6.438413,2.0724665000000058,2.0724665000000058,GPAW_LDA,completed,2026-02-22T12:24:15.539979,outputs_partial,,weak_outside_range
MoSe2,(111),H,-83.13405,-84.609804,-6.438413,1.743452500000005,1.743452500000005,GPAW_LDA,completed,2026-02-22T12:59:41.105338,outputs_partial,,weak_outside_range
MoSe2,(111)_sheet,H,-332.500237,-333.992647,-6.438413,1.72679650000005,1.72679650000005,GPAW_LDA,completed,2026-02-22T17:53:50.567509,outputs_partial,,weak_outside_range
MoSe2,(111)_vac2Se,H,-70.941114,-72.078254,-6.438413,2.0820664999999976,2.0820664999999976,GPAW_LDA,completed,2026-02-22T18:31:38.975176,outputs_partial,,weak_outside_range
MoSe2,(111)_vacSe,H,-77.136843,-78.283583,-6.438413,2.0724665000000058,2.0724665000000058,GPAW_LDA,completed,2026-02-22T19:13:30.308147,outputs_partial,,weak_outside_range
MoSe2,(100),H,-83.13405,-84.609804,-6.438413,1.743452500000005,1.743452500000005,GPAW_LDA,completed,2026-02-04T09:45:54.626348,outputs_partial,,weak_outside_range
MoSe2,(110),H,-83.13405,-84.609804,-6.438413,1.743452500000005,1.743452500000005,GPAW_LDA,completed,2026-02-04T09:53:01.192116,outputs_partial,,weak_outside_range
MoSe2,(111),H,-83.13405,-84.609804,-6.438413,1.743452500000005,1.743452500000005,GPAW_LDA,completed,2026-02-04T10:00:09.357974,outputs_partial,,weak_outside_range
MoSe2,edge_Mo,H,-227.891454,-229.384993,-6.438413,1.7256675000000015,1.7256675000000015,GPAW_LDA,completed,2026-02-23T00:44:45.904007,outputs_partial,,weak_outside_range
MoSe2,edge_Mo_large,H,-597.731071,-599.519528,-6.438413,1.430749500000006,1.430749500000006,GPAW_LDA,completed,2026-02-23T10:25:42.193903,outputs_partial,,weak_outside_range
MoSe2,edge_Se,H,-228.932161,-230.316781,-6.438413,1.8345865000000159,1.8345865000000159,GPAW_LDA,completed,2026-02-23T11:02:08.728674,outputs_partial,,weak_outside_range
MoSe2,edge_Se_large,H,-598.648878,-600.450125,-6.438413,1.4179595000000105,1.4179595000000105,GPAW_LDA,completed,2026-02-23T14:06:13.512565,outputs_partial,,weak_outside_range
Ni,Mo2N_interface_(100),H,-373.842241,-377.269676,-6.438413,-0.20822850000000281,-0.20822850000000281,GPAW_LDA,completed,2026-02-23T21:53:55.543660,outputs_partial,,good_reasonable
Ni,Mo2N_interface_(100)_cluster2Ag,H,-378.595263,-381.745436,-6.438413,0.06903350000000463,0.06903350000000463,GPAW_LDA,completed,2026-02-24T09:36:38.783869,outputs_partial,,excellent_near_zero
Ni,Mo2N_interface_(100)_cluster2Au,H,-380.022916,-383.019958,-6.438413,0.22216450000003496,0.22216450000003496,GPAW_LDA,completed,2026-02-24T20:22:07.515003,outputs_partial,,good_reasonable
Ni,Mo2N_interface_(100)_cluster2Ir,H,-390.432061,-394.141153,-6.438413,-0.4898854999999984,-0.4898854999999984,GPAW_LDA,completed,2026-02-25T06:20:24.040973,outputs_partial,,good_reasonable
Ni,Mo2N_interface_(100)_cluster2Ni,H,-386.684298,-390.307734,-6.438413,-0.4042294999999698,-0.4042294999999698,GPAW_LDA,completed,2026-02-27T03:42:12.747315,outputs_partial,,good_reasonable
Ni,Mo2N_interface_(100)_cluster2Pd,H,-381.429413,-385.015753,-6.438413,-0.3671335000000071,-0.3671335000000071,GPAW_LDA,completed,2026-03-01T00:52:19.262502,outputs_partial,,good_reasonable
Ni,Mo2N_interface_(100)_cluster2Pt,H,-386.200149,-389.734369,-6.438413,-0.31501350000000494,-0.31501350000000494,GPAW_LDA,completed,2026-03-03T00:36:34.038881,outputs_partial,,good_reasonable
Ni,Mo2N_interface_(100)_cluster2Ru,H,-390.020139,-393.894399,-6.438413,-0.6550535000000495,-0.6550535000000495,GPAW_LDA,completed,2026-03-03T18:35:57.708838,outputs_partial,,weak_outside_range
Ni,Mo2N_interface_(100)_cluster4Ag,H,-379.024061,-381.735893,-6.438413,0.5073745000000414,0.5073745000000414,GPAW_LDA,completed,2026-03-04T03:05:51.700197,outputs_partial,,weak_outside_range
Ni,Mo2N_interface_(100)_cluster4Au,H,-378.872441,-381.353683,-6.438413,0.737964499999991,0.737964499999991,GPAW_LDA,completed,2026-03-04T09:56:11.471667,outputs_partial,,weak_outside_range
Ni,Mo2N_interface_(100)_cluster4Ir,H,-404.169642,-407.190322,-6.438413,0.19852650000002958,0.19852650000002958,GPAW_LDA,completed,2026-03-04T18:28:44.210430,outputs_partial,,excellent_near_zero
Ni,Mo2N_interface_(100)_cluster4Ni,H,-399.0585,-402.187373,-6.438413,0.09033350000000118,0.09033350000000118,GPAW_LDA,completed,2026-03-05T05:34:10.308215,outputs_partial,,excellent_near_zero
Ni,Mo2N_interface_(100)_cluster4Pd,H,-385.480737,-388.656206,-6.438413,0.04373749999997889,0.04373749999997889,GPAW_LDA,completed,2026-03-05T14:35:00.749183,outputs_partial,,excellent_near_zero
Ni,Mo2N_interface_(100)_cluster4Pt,H,-393.482766,-396.355752,-6.438413,0.3462205000000309,0.3462205000000309,GPAW_LDA,completed,2026-03-05T22:09:49.033422,outputs_partial,,good_reasonable
Ni,Mo2N_interface_(100)_cluster4Ru,H,-405.415756,-408.831546,-6.438413,-0.19658350000001557,-0.19658350000001557,GPAW_LDA,completed,2026-03-06T09:37:14.049751,outputs_partial,,excellent_near_zero
Ni,Mo2N_interface_(100)_dopAg,H,-373.842241,-377.269676,-6.438413,-0.20822850000000281,-0.20822850000000281,GPAW_LDA,completed,2026-03-06T17:24:14.673855,outputs_partial,,good_reasonable
Ni,Mo2N_interface_(100)_dopAu,H,-373.842241,-377.269676,-6.438413,-0.20822850000000281,-0.20822850000000281,GPAW_LDA,completed,2026-03-07T00:33:44.670285,outputs_partial,,good_reasonable
Ni,Mo2N_interface_(100)_dopIr,H,-373.842241,-377.269676,-6.438413,-0.20822850000000281,-0.20822850000000281,GPAW_LDA,completed,2026-03-07T07:43:54.399631,outputs_partial,,good_reasonable
Ni,Mo2N_interface_(100)_dopNi,H,-373.842241,-377.269676,-6.438413,-0.20822850000000281,-0.20822850000000281,GPAW_LDA,completed,2026-03-07T14:56:05.328759,outputs_partial,,good_reasonable
Ni,Mo2N_interface_(100)_dopPd,H,-373.842241,-377.269676,-6.438413,-0.20822850000000281,-0.20822850000000281,GPAW_LDA,completed,2026-03-07T22:08:06.277504,outputs_partial,,good_reasonable
Ni,Mo2N_interface_(100)_dopPt,H,-373.842241,-377.269676,-6.438413,-0.20822850000000281,-0.20822850000000281,GPAW_LDA,completed,2026-03-08T05:19:24.734436,outputs_partial,,good_reasonable
Ni,Mo2N_interface_(100)_dopRu,H,-373.842241,-377.269676,-6.438413,-0.20822850000000281,-0.20822850000000281,GPAW_LDA,completed,2026-03-08T12:30:39.404240,outputs_partial,,good_reasonable
Ni,Mo2N_interface_(111),H,-380.734538,-383.782372,-6.438413,0.17137249999997684,0.17137249999997684,GPAW_LDA,completed,2026-03-08T19:40:33.383315,outputs_partial,,excellent_near_zero
Ni,Mo2N_interface_(111)_cluster2Ag,H,-383.615466,-386.482385,-6.438413,0.3522875000000041,0.3522875000000041,GPAW_LDA,completed,2026-03-09T04:48:46.194829,outputs_partial,,good_reasonable
Ni,Mo2N_interface_(111)_cluster2Au,H,-385.160287,-387.804928,-6.438413,0.5745654999999643,0.5745654999999643,GPAW_LDA,completed,2026-03-09T12:31:48.239987,outputs_partial,,weak_outside_range
Ni,Mo2N_interface_(111)_cluster2Ir,H,-396.14031,-399.109151,-6.438413,0.25036550000000224,0.25036550000000224,GPAW_LDA,completed,2026-03-10T01:13:36.159096,outputs_partial,,good_reasonable
Ni,Mo2N_interface_(111)_cluster2Ni,H,-392.945053,-396.055951,-6.438413,0.10830849999997971,0.10830849999997971,GPAW_LDA,completed,2026-03-10T11:01:31.885086,outputs_partial,,excellent_near_zero
Ni,Mo2N_interface_(111)_cluster2Pd,H,-387.32499,-390.185842,-6.438413,0.3583545000000341,0.3583545000000341,GPAW_LDA,completed,2026-03-10T23:00:23.773627,outputs_partial,,good_reasonable
Ni,Mo2N_interface_(111)_cluster2Pt,H,-391.893325,-394.685596,-6.438413,0.4269355000000288,0.4269355000000288,GPAW_LDA,completed,2026-03-11T06:45:23.910673,outputs_partial,,good_reasonable
Ni,Mo2N_interface_(111)_cluster2Ru,H,-395.779847,-399.016453,-6.438413,-0.017399499999994905,-0.017399499999994905,GPAW_LDA,completed,2026-03-12T22:38:57.842249,outputs_partial,,excellent_near_zero
Ni,Mo2N_interface_(111)_cluster4Ag,H,-387.296932,-390.034199,-6.438413,0.4819395000000255,0.4819395000000255,GPAW_LDA,completed,2026-03-14T16:08:15.048033,outputs_partial,,good_reasonable
Ni,Mo2N_interface_(111)_cluster4Au,H,-388.169848,-390.742263,-6.438413,0.6467915000000217,0.6467915000000217,GPAW_LDA,completed,2026-03-16T08:52:23.155020,outputs_partial,,weak_outside_range
Ni,Mo2N_interface_(111)_cluster4Ir,H,-412.838703,-415.997728,-6.438413,0.06018150000001432,0.06018150000001432,GPAW_LDA,completed,2026-03-18T13:45:56.185288,outputs_partial,,excellent_near_zero
Ni,Mo2N_interface_(111)_cluster4Ni,H,-406.860078,-410.073235,-6.438413,0.00604949999997606,0.00604949999997606,GPAW_LDA,completed,2026-03-21T04:07:10.267141,outputs_partial,,excellent_near_zero
Ni,Mo2N_interface_(111)_cluster4Pd,H,-393.842939,-397.001102,-6.438413,0.06104349999999803,0.06104349999999803,GPAW_LDA,completed,2026-03-23T04:43:29.859891,outputs_partial,,excellent_near_zero
Ni,Mo2N_interface_(111)_cluster4Pt,H,-402.474636,-405.428517,-6.438413,0.2653254999999759,0.2653254999999759,GPAW_LDA,completed,2026-03-25T05:07:34.857848,outputs_partial,,good_reasonable
Mo2C,(100),H,-78.97506952264779,-81.851233968323,-6.438412987227449,0.34304204793850923,0.34304204793850923,GPAW_LDA,completed,2026-02-20T08:33:11.759139,outputs_local,,good_reasonable
Mo2C,(100)_dopAg,H,-72.08687712960683,-74.35428201492279,-6.438412987227449,0.9518016082977696,0.9518016082977696,GPAW_LDA,completed,2026-02-20T08:41:35.422730,outputs_local,,weak_outside_range
Mo2C,(100)_dopAu,H,-72.607781155308,-74.84051809222471,-6.438412987227449,0.9864695566970156,0.9864695566970156,GPAW_LDA,completed,2026-02-20T08:52:46.038079,outputs_local,,weak_outside_range
Mo2C,(100)_dopIr,H,-77.27651515610313,-79.85212627973013,-6.438412987227449,0.6435953699867256,0.6435953699867256,GPAW_LDA,completed,2026-02-20T09:03:47.517910,outputs_local,,weak_outside_range
Mo2C,(100)_dopNi,H,-75.13712342251755,-77.43901015515257,-6.438412987227449,0.9173197609786983,0.9173197609786983,GPAW_LDA,completed,2026-02-20T09:14:19.623327,outputs_local,,weak_outside_range
Mo2C,(100)_dopPd,H,-73.31825165523267,-75.5530766681085,-6.438412987227449,0.9843814807378934,0.9843814807378934,GPAW_LDA,completed,2026-02-20T09:25:42.090936,outputs_local,,weak_outside_range
Mo2C,(100)_dopPt,H,-75.48675482591872,-77.84547462798517,-6.438412987227449,0.8604866915472784,0.8604866915472784,GPAW_LDA,completed,2026-02-20T09:37:41.525827,outputs_local,,weak_outside_range
Mo2C,(100)_dopRu,H,-77.17470551450891,-79.79632222529828,-6.438412987227449,0.5975897828243562,0.5975897828243562,GPAW_LDA,completed,2026-02-20T09:47:20.220144,outputs_local,,weak_outside_range
Mo2C,(100)_sheet,H,-316.19626241465795,-319.0854535295605,-6.438412987227449,0.3300153787111939,0.3300153787111939,GPAW_LDA,completed,2026-02-20T09:58:32.503403,outputs_local,,good_reasonable
Mo2C,(100)_vac2C,H,-78.97506952264779,-81.851233968323,-6.438412987227449,0.34304204793850923,0.34304204793850923,GPAW_LDA,completed,2026-02-20T10:54:07.345168,outputs_local,,good_reasonable
Mo2C,(100)_vac2Mo,H,-58.07962351333559,-59.53992168842356,-6.438412987227449,1.7589083185257537,1.7589083185257537,GPAW_LDA,completed,2026-02-20T11:03:04.333031,outputs_local,,weak_outside_range
Mo2C,(100)_vacC,H,-78.97506952264779,-81.851233968323,-6.438412987227449,0.34304204793850923,0.34304204793850923,GPAW_LDA,completed,2026-02-20T11:12:36.371806,outputs_local,,good_reasonable
Mo2C,(100)_vacMo,H,-68.22113609734028,-69.82252424048015,-6.438412987227449,1.6178183504738528,1.6178183504738528,GPAW_LDA,completed,2026-02-20T11:20:52.344132,outputs_local,,weak_outside_range
Mo2C,(110),H,-78.97506952264779,-81.851233968323,-6.438412987227449,0.34304204793850923,0.34304204793850923,GPAW_LDA,completed,2026-02-20T11:30:55.673056,outputs_local,,good_reasonable
Mo2C,(110)_dopAg,H,-72.08687712960683,-74.35428201492279,-6.438412987227449,0.9518016082977696,0.9518016082977696,GPAW_LDA,completed,2026-02-20T11:39:24.194069,outputs_local,,weak_outside_range
Mo2C,(110)_dopAu,H,-72.607781155308,-74.84051809222471,-6.438412987227449,0.9864695566970156,0.9864695566970156,GPAW_LDA,completed,2026-02-20T11:50:26.252445,outputs_local,,weak_outside_range
Mo2C,(110)_dopIr,H,-77.27651515610313,-79.85212627973013,-6.438412987227449,0.6435953699867256,0.6435953699867256,GPAW_LDA,completed,2026-02-20T12:01:00.296410,outputs_local,,weak_outside_range
Mo2C,(110)_dopNi,H,-75.13712342251755,-77.43901015515257,-6.438412987227449,0.9173197609786983,0.9173197609786983,GPAW_LDA,completed,2026-02-20T12:11:30.344550,outputs_local,,weak_outside_range
Mo2C,(110)_dopPd,H,-73.31825165523267,-75.5530766681085,-6.438412987227449,0.9843814807378934,0.9843814807378934,GPAW_LDA,completed,2026-02-20T12:23:16.495164,outputs_local,,weak_outside_range
Mo2C,(110)_dopPt,H,-75.48675482591872,-77.84547462798517,-6.438412987227449,0.8604866915472784,0.8604866915472784,GPAW_LDA,completed,2026-02-20T12:35:30.732245,outputs_local,,weak_outside_range
Mo2C,(110)_dopRu,H,-77.17470551450891,-79.79632222529828,-6.438412987227449,0.5975897828243562,0.5975897828243562,GPAW_LDA,completed,2026-02-20T12:45:32.296054,outputs_local,,weak_outside_range
Mo2C,(110)_sheet,H,-316.19626241465795,-319.0854535295605,-6.438412987227449,0.3300153787111939,0.3300153787111939,GPAW_LDA,completed,2026-02-20T12:56:32.758745,outputs_local,,good_reasonable
Mo2C,(110)_vac2C,H,-78.97506952264779,-81.851233968323,-6.438412987227449,0.34304204793850923,0.34304204793850923,GPAW_LDA,completed,2026-02-20T13:51:53.717793,outputs_local,,good_reasonable
Mo2C,(110)_vac2Mo,H,-58.07962351333559,-59.53992168842356,-6.438412987227449,1.7589083185257537,1.7589083185257537,GPAW_LDA,completed,2026-02-20T14:00:47.484026,outputs_local,,weak_outside_range
Mo2C,(110)_vacC,H,-78.97506952264779,-81.851233968323,-6.438412987227449,0.34304204793850923,0.34304204793850923,GPAW_LDA,completed,2026-02-20T14:10:24.149995,outputs_local,,good_reasonable
Mo2C,(110)_vacMo,H,-68.22113609734028,-69.82252424048015,-6.438412987227449,1.6178183504738528,1.6178183504738528,GPAW_LDA,completed,2026-02-20T14:19:28.308996,outputs_local,,weak_outside_range
Mo2C,(111),H,-78.97506952264779,-81.851233968323,-6.438412987227449,0.34304204793850923,0.34304204793850923,GPAW_LDA,completed,2026-02-20T14:29:41.083574,outputs_local,,good_reasonable
Mo2C,(111)_dopAg,H,-72.08687712960683,-74.35428201492279,-6.438412987227449,0.9518016082977696,0.9518016082977696,GPAW_LDA,completed,2026-02-20T14:38:27.623306,outputs_local,,weak_outside_range
Mo2C,(111)_dopAu,H,-72.607781155308,-74.84051809222471,-6.438412987227449,0.9864695566970156,0.9864695566970156,GPAW_LDA,completed,2026-02-20T14:49:20.476846,outputs_local,,weak_outside_range
Mo2C,(111)_dopIr,H,-77.27651515610313,-79.85212627973013,-6.438412987227449,0.6435953699867256,0.6435953699867256,GPAW_LDA,completed,2026-02-20T15:00:47.198464,outputs_local,,weak_outside_range
Mo2C,(111)_dopNi,H,-75.13712342251755,-77.43901015515257,-6.438412987227449,0.9173197609786983,0.9173197609786983,GPAW_LDA,completed,2026-02-20T15:12:00.556206,outputs_local,,weak_outside_range
Mo2C,(111)_dopPd,H,-73.31825165523267,-75.5530766681085,-6.438412987227449,0.9843814807378934,0.9843814807378934,GPAW_LDA,completed,2026-02-20T15:25:18.883249,outputs_local,,weak_outside_range
Mo2C,(111)_dopPt,H,-75.48675482591872,-77.84547462798517,-6.438412987227449,0.8604866915472784,0.8604866915472784,GPAW_LDA,completed,2026-02-20T15:39:25.401658,outputs_local,,weak_outside_range
Mo2C,(111)_dopRu,H,-77.17470551450891,-79.79632222529828,-6.438412987227449,0.5975897828243562,0.5975897828243562,GPAW_LDA,completed,2026-02-20T15:49:30.085501,outputs_local,,weak_outside_range
Mo2C,(111)_sheet,H,-316.19626241465795,-319.0854535295605,-6.438412987227449,0.3300153787111939,0.3300153787111939,GPAW_LDA,completed,2026-02-20T16:01:19.439685,outputs_local,,good_reasonable
Mo2C,(111)_vac2C,H,-78.97506952264779,-81.851233968323,-6.438412987227449,0.34304204793850923,0.34304204793850923,GPAW_LDA,completed,2026-02-20T17:08:03.246373,outputs_local,,good_reasonable
Mo2C,(111)_vac2Mo,H,-58.07962351333559,-59.53992168842356,-6.438412987227449,1.7589083185257537,1.7589083185257537,GPAW_LDA,completed,2026-02-20T17:16:45.425858,outputs_local,,weak_outside_range
Mo2C,(111)_vacC,H,-78.97506952264779,-81.851233968323,-6.438412987227449,0.34304204793850923,0.34304204793850923,GPAW_LDA,completed,2026-02-20T17:26:30.875981,outputs_local,,good_reasonable
Mo2C,(111)_vacMo,H,-68.22113609734028,-69.82252424048015,-6.438412987227449,1.6178183504738528,1.6178183504738528,GPAW_LDA,completed,2026-02-20T17:35:26.675652,outputs_local,,weak_outside_range
Mo2C,edge_C,H,-197.8268145043168,-200.63297069550242,-6.438412987227449,0.4130503024280885,0.4130503024280885,GPAW_LDA,completed,2026-02-20T17:46:16.580068,outputs_local,,good_reasonable
Mo2C,edge_C_large,H,-533.7831471032489,-537.2130649310163,-6.438412987227449,-0.21071133415371568,-0.21071133415371568,GPAW_LDA,completed,2026-02-20T19:03:42.131877,outputs_local,,good_reasonable
Mo2C,edge_Mo,H,-228.0597814787425,-230.93937233118925,-6.438412987227449,0.33961564116698506,0.33961564116698506,GPAW_LDA,completed,2026-02-21T02:29:47.398139,outputs_local,,good_reasonable
Mo2C,edge_Mo_large,H,,,,,,GPAW_LDA,failed,2026-02-21T04:52:12.179515,outputs_local,,failed_or_incomplete
MoB,(100),H,-51.00806289522637,-53.95485896204192,-6.438412987227449,0.27241042679817307,0.27241042679817307,GPAW_LDA,completed,2026-02-21T09:58:53.804514,outputs_local,problematic_mob_repeated_energy,good_reasonable
MoB,(100)_dopAg,H,-51.00806289522637,-53.95485896204192,-6.438412987227449,0.27241042679817307,0.27241042679817307,GPAW_LDA,completed,2026-02-21T10:04:05.497760,outputs_local,problematic_mob_repeated_energy,good_reasonable
MoB,(100)_dopAu,H,-51.00806289522637,-53.95485896204192,-6.438412987227449,0.27241042679817307,0.27241042679817307,GPAW_LDA,completed,2026-02-21T10:09:20.140918,outputs_local,problematic_mob_repeated_energy,good_reasonable
MoB,(100)_dopIr,H,-51.00806289522637,-53.95485896204192,-6.438412987227449,0.27241042679817307,0.27241042679817307,GPAW_LDA,completed,2026-02-21T10:14:04.910147,outputs_local,problematic_mob_repeated_energy,good_reasonable
MoB,(100)_dopNi,H,-51.00806289522637,-53.95485896204192,-6.438412987227449,0.27241042679817307,0.27241042679817307,GPAW_LDA,completed,2026-02-21T10:19:04.528847,outputs_local,problematic_mob_repeated_energy,good_reasonable
MoB,(100)_dopPd,H,-51.00806289522637,-53.95485896204192,-6.438412987227449,0.27241042679817307,0.27241042679817307,GPAW_LDA,completed,2026-02-21T10:23:54.687482,outputs_local,problematic_mob_repeated_energy,good_reasonable
MoB,(100)_dopPt,H,-51.00806289522637,-53.95485896204192,-6.438412987227449,0.27241042679817307,0.27241042679817307,GPAW_LDA,completed,2026-02-21T10:28:32.078483,outputs_local,problematic_mob_repeated_energy,good_reasonable
MoB,(100)_dopRu,H,-51.00806289522637,-53.95485896204192,-6.438412987227449,0.27241042679817307,0.27241042679817307,GPAW_LDA,completed,2026-02-21T10:33:25.021197,outputs_local,problematic_mob_repeated_energy,good_reasonable
MoB,(100)_sheet,H,-203.9356271039938,-206.8728878835061,-6.438412987227449,0.2819457141014099,0.2819457141014099,GPAW_LDA,completed,2026-02-21T10:38:27.273226,outputs_local,problematic_mob_repeated_energy,good_reasonable
MoB,(100)_vac2B,H,-39.614259762847034,-40.90166754878244,-6.438412987227449,1.931798707678317,1.931798707678317,GPAW_LDA,completed,2026-02-21T10:56:42.167162,outputs_local,problematic_mob_repeated_energy,weak_outside_range
MoB,(100)_vac2Mo,H,-51.00806289522637,-53.95485896204192,-6.438412987227449,0.27241042679817307,0.27241042679817307,GPAW_LDA,completed,2026-02-21T11:01:45.008053,outputs_local,problematic_mob_repeated_energy,good_reasonable
MoB,(100)_vacB,H,-45.779674220280086,-46.87400785737925,-6.438412987227449,2.1248728565145627,2.1248728565145627,GPAW_LDA,completed,2026-02-21T11:06:48.813233,outputs_local,problematic_mob_repeated_energy,weak_outside_range
MoB,(100)_vacMo,H,-51.00806289522637,-53.95485896204192,-6.438412987227449,0.27241042679817307,0.27241042679817307,GPAW_LDA,completed,2026-02-21T11:12:11.398566,outputs_local,problematic_mob_repeated_energy,good_reasonable
MoB,(110),H,-51.00806289522637,-53.95485896204192,-6.438412987227449,0.27241042679817307,0.27241042679817307,GPAW_LDA,completed,2026-02-21T11:17:02.125302,outputs_local,problematic_mob_repeated_energy,good_reasonable
MoB,(110)_dopAg,H,-51.00806289522637,-53.95485896204192,-6.438412987227449,0.27241042679817307,0.27241042679817307,GPAW_LDA,completed,2026-02-21T11:21:49.799415,outputs_local,problematic_mob_repeated_energy,good_reasonable
MoB,(110)_dopAu,H,-51.00806289522637,-53.95485896204192,-6.438412987227449,0.27241042679817307,0.27241042679817307,GPAW_LDA,completed,2026-02-21T11:26:46.693542,outputs_local,problematic_mob_repeated_energy,good_reasonable
MoB,(110)_dopIr,H,-51.00806289522637,-53.95485896204192,-6.438412987227449,0.27241042679817307,0.27241042679817307,GPAW_LDA,completed,2026-02-21T11:31:44.694487,outputs_local,problematic_mob_repeated_energy,good_reasonable
MoB,(110)_dopNi,H,-51.00806289522637,-53.95485896204192,-6.438412987227449,0.27241042679817307,0.27241042679817307,GPAW_LDA,completed,2026-02-21T11:36:24.037634,outputs_local,problematic_mob_repeated_energy,good_reasonable
MoB,(110)_dopPd,H,-51.00806289522637,-53.95485896204192,-6.438412987227449,0.27241042679817307,0.27241042679817307,GPAW_LDA,completed,2026-02-21T11:41:18.328690,outputs_local,problematic_mob_repeated_energy,good_reasonable
MoB,(110)_dopPt,H,-51.00806289522637,-53.95485896204192,-6.438412987227449,0.27241042679817307,0.27241042679817307,GPAW_LDA,completed,2026-02-21T11:46:18.718060,outputs_local,problematic_mob_repeated_energy,good_reasonable
MoB,(110)_dopRu,H,-51.00806289522637,-53.95485896204192,-6.438412987227449,0.27241042679817307,0.27241042679817307,GPAW_LDA,completed,2026-02-21T11:51:14.441468,outputs_local,problematic_mob_repeated_energy,good_reasonable
MoB,(110)_sheet,H,-203.9356271039938,-206.8728878835061,-6.438412987227449,0.2819457141014099,0.2819457141014099,GPAW_LDA,completed,2026-02-21T11:56:02.440409,outputs_local,problematic_mob_repeated_energy,good_reasonable
MoB,(110)_vac2B,H,-39.614259762847034,-40.90166754878244,-6.438412987227449,1.931798707678317,1.931798707678317,GPAW_LDA,completed,2026-02-21T12:14:37.555936,outputs_local,problematic_mob_repeated_energy,weak_outside_range
MoB,(110)_vac2Mo,H,-51.00806289522637,-53.95485896204192,-6.438412987227449,0.27241042679817307,0.27241042679817307,GPAW_LDA,completed,2026-02-21T12:19:39.924153,outputs_local,problematic_mob_repeated_energy,good_reasonable
MoB,(110)_vacB,H,-45.779674220280086,-46.87400785737925,-6.438412987227449,2.1248728565145627,2.1248728565145627,GPAW_LDA,completed,2026-02-21T12:24:31.439161,outputs_local,problematic_mob_repeated_energy,weak_outside_range
MoB,(110)_vacMo,H,-51.00806289522637,-53.95485896204192,-6.438412987227449,0.27241042679817307,0.27241042679817307,GPAW_LDA,completed,2026-02-21T12:29:37.841187,outputs_local,problematic_mob_repeated_energy,good_reasonable
MoB,(111),H,-51.00806289522637,-53.95485896204192,-6.438412987227449,0.27241042679817307,0.27241042679817307,GPAW_LDA,completed,2026-02-21T12:34:23.055350,outputs_local,problematic_mob_repeated_energy,good_reasonable
MoB,(111)_dopAg,H,-51.00806289522637,-53.95485896204192,-6.438412987227449,0.27241042679817307,0.27241042679817307,GPAW_LDA,completed,2026-02-21T12:39:14.287011,outputs_local,problematic_mob_repeated_energy,good_reasonable
MoB,(111)_dopAu,H,-51.00806289522637,-53.95485896204192,-6.438412987227449,0.27241042679817307,0.27241042679817307,GPAW_LDA,completed,2026-02-21T12:43:53.683290,outputs_local,problematic_mob_repeated_energy,good_reasonable
MoB,(111)_dopIr,H,-51.00806289522637,-53.95485896204192,-6.438412987227449,0.27241042679817307,0.27241042679817307,GPAW_LDA,completed,2026-02-21T12:48:32.891854,outputs_local,problematic_mob_repeated_energy,good_reasonable
MoB,(111)_dopNi,H,-51.00806289522637,-53.95485896204192,-6.438412987227449,0.27241042679817307,0.27241042679817307,GPAW_LDA,completed,2026-02-21T12:53:22.250508,outputs_local,problematic_mob_repeated_energy,good_reasonable
MoB,(111)_dopPd,H,-51.00806289522637,-53.95485896204192,-6.438412987227449,0.27241042679817307,0.27241042679817307,GPAW_LDA,completed,2026-02-21T12:58:16.308567,outputs_local,problematic_mob_repeated_energy,good_reasonable
MoB,(111)_dopPt,H,-51.00806289522637,-53.95485896204192,-6.438412987227449,0.27241042679817307,0.27241042679817307,GPAW_LDA,completed,2026-02-21T13:03:02.192824,outputs_local,problematic_mob_repeated_energy,good_reasonable
MoB,(111)_dopRu,H,-51.00806289522637,-53.95485896204192,-6.438412987227449,0.27241042679817307,0.27241042679817307,GPAW_LDA,completed,2026-02-21T13:07:42.483135,outputs_local,problematic_mob_repeated_energy,good_reasonable
MoB,(111)_sheet,H,-203.9356271039938,-206.8728878835061,-6.438412987227449,0.2819457141014099,0.2819457141014099,GPAW_LDA,completed,2026-02-21T13:12:16.116339,outputs_local,problematic_mob_repeated_energy,good_reasonable
MoB,(111)_vac2B,H,-39.614259762847034,-40.90166754878244,-6.438412987227449,1.931798707678317,1.931798707678317,GPAW_LDA,completed,2026-02-21T13:31:09.814966,outputs_local,problematic_mob_repeated_energy,weak_outside_range
MoB,(111)_vac2Mo,H,-51.00806289522637,-53.95485896204192,-6.438412987227449,0.27241042679817307,0.27241042679817307,GPAW_LDA,completed,2026-02-21T13:36:08.929325,outputs_local,problematic_mob_repeated_energy,good_reasonable
MoB,(111)_vacB,H,-45.779674220280086,-46.87400785737925,-6.438412987227449,2.1248728565145627,2.1248728565145627,GPAW_LDA,completed,2026-02-21T13:41:15.550171,outputs_local,problematic_mob_repeated_energy,weak_outside_range
MoB,(111)_vacMo,H,-51.00806289522637,-53.95485896204192,-6.438412987227449,0.27241042679817307,0.27241042679817307,GPAW_LDA,completed,2026-02-21T13:46:27.434032,outputs_local,problematic_mob_repeated_energy,good_reasonable
MoB,edge_B,H,-129.48901860419429,-131.42672034953264,-6.438412987227449,1.2815047482753656,1.2815047482753656,GPAW_LDA,completed,2026-02-21T13:51:29.024867,outputs_local,,weak_outside_range
MoB,edge_B_large,H,-347.02801646016235,-349.0708691465241,-6.438412987227449,1.1763538072519695,1.1763538072519695,GPAW_LDA,completed,2026-02-21T14:17:56.870703,outputs_local,,weak_outside_range
MoB,edge_Mo,H,-146.05484640454824,-148.9964213627665,-6.438412987227449,0.27763153539545593,0.27763153539545593,GPAW_LDA,completed,2026-02-21T15:52:43.024985,outputs_local,,good_reasonable
MoB,edge_Mo_large,H,-371.8948841656374,-374.83407698294775,-6.438412987227449,0.2800136763033678,0.2800136763033678,GPAW_LDA,completed,2026-02-21T16:19:35.923546,outputs_local,,good_reasonable
Mo2C,interface_(100),H,-374.08346611274357,-377.4358800340343,-6.438412987227449,-0.13320742767702276,-0.13320742767702276,GPAW_LDA,completed,2026-02-21T18:16:13.219698,outputs_local,,excellent_near_zero
Mo2C,interface_(100)_cluster2Ag,H,-378.69325198174334,-381.8503061223463,-6.438412987227449,0.062152353010772377,0.062152353010772377,GPAW_LDA,completed,2026-02-21T21:39:28.346535,outputs_local,,excellent_near_zero
Mo2C,interface_(100)_cluster2Au,H,-380.1158566390611,-383.0963810933035,-6.438412987227449,0.23868203937136778,0.23868203937136778,GPAW_LDA,completed,2026-02-22T00:40:26.217300,outputs_local,,good_reasonable
Mo2C,interface_(100)_cluster2Ir,H,-390.34056033207617,-394.0232731169754,-6.438412987227449,-0.46350629128552745,-0.46350629128552745,GPAW_LDA,completed,2026-02-22T04:53:04.052879,outputs_local,,good_reasonable
Mo2C,interface_(100)_cluster2Ni,H,-386.63806072906203,-390.258334373092,-6.438412987227449,-0.4010671504162402,-0.4010671504162402,GPAW_LDA,completed,2026-02-22T08:58:39.799807,outputs_local,,good_reasonable
Mo2C,interface_(100)_cluster2Pd,H,-381.4632190000521,-385.01946575422716,-6.438412987227449,-0.33704026056132497,-0.33704026056132497,GPAW_LDA,completed,2026-02-22T12:44:33.660369,outputs_local,,good_reasonable
Mo2C,interface_(100)_cluster2Pt,H,-386.20084138619234,-389.705341016831,-6.438412987227449,-0.2852931370249663,-0.2852931370249663,GPAW_LDA,completed,2026-02-22T16:20:33.093713,outputs_local,,good_reasonable
Mo2C,interface_(100)_cluster2Ru,H,-389.86299590330486,-393.7265823951175,-6.438412987227449,-0.6443799981988874,-0.6443799981988874,GPAW_LDA,completed,2026-02-22T21:05:03.544359,outputs_local,,weak_outside_range
Mo2C,interface_(100)_cluster4Ag,H,-378.73024620901094,-381.41825014198304,-6.438412987227449,0.53120256064163,0.53120256064163,GPAW_LDA,completed,2026-02-23T01:29:34.074263,outputs_local,,weak_outside_range
Mo2C,interface_(100)_cluster4Au,H,-378.5120469664161,-380.9429064523942,-6.438412987227449,0.7883470076356347,0.7883470076356347,GPAW_LDA,completed,2026-02-23T04:00:21.833230,outputs_local,,weak_outside_range
Mo2C,interface_(100)_cluster4Ir,H,-403.76442242566793,-406.74823404292545,-6.438412987227449,0.23539487635620882,0.23539487635620882,GPAW_LDA,completed,2026-02-23T06:36:27.139419,outputs_local,,good_reasonable
Mo2C,interface_(100)_cluster4Ni,H,-398.7086987687969,-401.8024270959466,-6.438412987227449,0.12547816646404764,0.12547816646404764,GPAW_LDA,completed,2026-02-23T09:23:37.262672,outputs_local,,excellent_near_zero
Mo2C,interface_(100)_cluster4Pd,H,-385.1184024836216,-388.2490783291395,-6.438412987227449,0.08853064809583922,0.08853064809583922,GPAW_LDA,completed,2026-02-23T12:15:57.472723,outputs_local,,excellent_near_zero
Mo2C,interface_(100)_cluster4Pt,H,-393.0717767981036,-395.8800410317296,-6.438412987227449,0.41094225998771927,0.41094225998771927,GPAW_LDA,completed,2026-02-23T15:52:42.232065,outputs_local,,good_reasonable
Mo2C,interface_(100)_cluster4Ru,H,-405.00502940135544,-408.3849823894793,-6.438412987227449,-0.1607464945101511,-0.1607464945101511,GPAW_LDA,completed,2026-02-23T19:12:56.304983,outputs_local,,excellent_near_zero
Mo2C,interface_(100)_dopAg,H,-374.08346611274357,-377.4358800340343,-6.438412987227449,-0.13320742767702276,-0.13320742767702276,GPAW_LDA,completed,2026-02-23T22:36:01.361498,outputs_local,,excellent_near_zero
Mo2C,interface_(100)_dopAu,H,-374.08346611274357,-377.4358800340343,-6.438412987227449,-0.13320742767702276,-0.13320742767702276,GPAW_LDA,completed,2026-02-24T02:17:40.018734,outputs_local,,excellent_near_zero
Mo2C,interface_(100)_dopIr,H,-374.08346611274357,-377.4358800340343,-6.438412987227449,-0.13320742767702276,-0.13320742767702276,GPAW_LDA,completed,2026-02-24T05:58:40.884206,outputs_local,,excellent_near_zero
Mo2C,interface_(100)_dopNi,H,-374.08346611274357,-377.4358800340343,-6.438412987227449,-0.13320742767702276,-0.13320742767702276,GPAW_LDA,completed,2026-02-24T09:55:12.089479,outputs_local,,excellent_near_zero
Mo2C,interface_(100)_dopPd,H,-374.08346611274357,-377.4358800340343,-6.438412987227449,-0.13320742767702276,-0.13320742767702276,GPAW_LDA,completed,2026-02-24T13:23:08.175459,outputs_local,,excellent_near_zero
Mo2C,interface_(100)_dopPt,H,-374.08346611274357,-377.4358800340343,-6.438412987227449,-0.13320742767702276,-0.13320742767702276,GPAW_LDA,completed,2026-02-24T16:51:52.653282,outputs_local,,excellent_near_zero
Mo2C,interface_(100)_dopRu,H,-374.08346611274357,-377.4358800340343,-6.438412987227449,-0.13320742767702276,-0.13320742767702276,GPAW_LDA,completed,2026-02-24T20:15:40.748671,outputs_local,,excellent_near_zero
Mo2C,interface_(111),H,-380.1720912846589,-383.2492106752036,-6.438412987227449,0.1420871030690436,0.1420871030690436,GPAW_LDA,completed,2026-02-24T23:48:23.462041,outputs_local,,excellent_near_zero
Mo2C,interface_(111)_cluster2Ag,H,-382.87804064508174,-385.7293598069254,-6.438412987227449,0.36788733177006216,0.36788733177006216,GPAW_LDA,completed,2026-02-25T02:27:15.375050,outputs_local,,good_reasonable
Mo2C,interface_(111)_cluster2Au,H,-384.3468962852935,-386.98620557709114,-6.438412987227449,0.5798972018160797,0.5798972018160797,GPAW_LDA,completed,2026-02-25T05:18:38.420590,outputs_local,,weak_outside_range
Mo2C,interface_(111)_cluster2Ir,H,-395.24304576396645,-398.2570379961083,-6.438412987227449,0.20521426147187904,0.20521426147187904,GPAW_LDA,completed,2026-02-25T08:20:29.632695,outputs_local,,good_reasonable
Mo2C,interface_(111)_cluster2Ni,H,-392.0962496415,-395.2201487706659,-6.438412987227449,0.09530736444780397,0.09530736444780397,GPAW_LDA,completed,2026-02-25T11:30:41.532376,outputs_local,,excellent_near_zero
Mo2C,interface_(111)_cluster2Pd,H,-386.47521775490475,-389.3617109579108,-6.438412987227449,0.33271329060765575,0.33271329060765575,GPAW_LDA,completed,2026-02-25T15:12:14.719758,outputs_local,,good_reasonable
Mo2C,interface_(111)_cluster2Pt,H,-391.01278415035273,-393.84060212404944,-6.438412987227449,0.39138851991701396,0.39138851991701396,GPAW_LDA,completed,2026-02-25T18:59:28.622823,outputs_local,,good_reasonable
Mo2C,interface_(111)_cluster2Ru,H,-394.84886140705333,-398.1220323885225,-6.438412987227449,-0.053964487855425514,-0.053964487855425514,GPAW_LDA,completed,2026-02-25T23:20:13.620903,outputs_local,,excellent_near_zero
Mo2C,interface_(111)_cluster4Ag,H,-386.4910878199496,-389.2186854462693,-6.438412987227449,0.49160886729400355,0.49160886729400355,GPAW_LDA,completed,2026-02-26T03:32:46.040712,outputs_local,,good_reasonable
Mo2C,interface_(111)_cluster4Au,H,-387.2997356268968,-389.8735085514377,-6.438412987227449,0.6454335690728343,0.6454335690728343,GPAW_LDA,completed,2026-02-26T06:55:09.039557,outputs_local,,weak_outside_range
Mo2C,interface_(111)_cluster4Ir,H,-411.8110421286492,-414.9829702947175,-6.438412987227449,0.04727832754541206,0.04727832754541206,GPAW_LDA,completed,2026-02-26T11:05:22.183954,outputs_local,,excellent_near_zero
Mo2C,interface_(111)_cluster4Ni,H,-405.8976173822346,-409.0993435883131,-6.438412987227449,0.01748028753523423,0.01748028753523423,GPAW_LDA,completed,2026-02-26T17:02:51.607224,outputs_local,,excellent_near_zero
Mo2C,interface_(111)_cluster4Pd,H,-392.9399151005778,-396.09326245060186,-6.438412987227449,0.06585914358968958,0.06585914358968958,GPAW_LDA,completed,2026-02-27T00:26:41.961955,outputs_local,,excellent_near_zero
Mo2C,interface_(111)_cluster4Pt,H,-401.5455695101367,-404.4920712825474,-6.438412987227449,0.2727047212030542,0.2727047212030542,GPAW_LDA,completed,2026-02-27T07:16:00.113355,outputs_local,,good_reasonable
Mo2C,interface_(111)_cluster4Ru,H,-412.1579726177557,-415.7189377781702,-6.438412987227449,-0.3417586668007444,-0.3417586668007444,GPAW_LDA,completed,2026-02-27T13:58:42.005755,outputs_local,,good_reasonable
Mo2C,interface_(111)_dopAg,H,-380.1720912846589,-383.2492106752036,-6.438412987227449,0.1420871030690436,0.1420871030690436,GPAW_LDA,completed,2026-02-27T19:42:21.768263,outputs_local,,excellent_near_zero
Mo2C,interface_(111)_dopAu,H,-380.1720912846589,-383.2492106752036,-6.438412987227449,0.1420871030690436,0.1420871030690436,GPAW_LDA,completed,2026-02-28T00:03:18.929520,outputs_local,,excellent_near_zero
Mo2C,interface_(111)_dopIr,H,-380.1720912846589,-383.2492106752036,-6.438412987227449,0.1420871030690436,0.1420871030690436,GPAW_LDA,completed,2026-02-28T04:25:24.296523,outputs_local,,excellent_near_zero
Mo2C,interface_(111)_dopNi,H,-380.1720912846589,-383.2492106752036,-6.438412987227449,0.1420871030690436,0.1420871030690436,GPAW_LDA,completed,2026-02-28T08:50:29.614007,outputs_local,,excellent_near_zero
Mo2C,interface_(111)_dopPd,H,-380.1720912846589,-383.2492106752036,-6.438412987227449,0.1420871030690436,0.1420871030690436,GPAW_LDA,completed,2026-02-28T13:16:52.128755,outputs_local,,excellent_near_zero
Mo2C,interface_(111)_dopPt,H,-380.1720912846589,-383.2492106752036,-6.438412987227449,0.1420871030690436,0.1420871030690436,GPAW_LDA,completed,2026-02-28T17:42:28.859874,outputs_local,,excellent_near_zero
Mo2C,interface_(111)_dopRu,H,-380.1720912846589,-383.2492106752036,-6.438412987227449,0.1420871030690436,0.1420871030690436,GPAW_LDA,completed,2026-02-28T22:10:19.543084,outputs_local,,excellent_near_zero
MoB,interface_(100),H,-320.06403153154895,-321.8770759898546,-6.438412987227449,1.4061620353080984,1.4061620353080984,GPAW_LDA,completed,2026-03-01T02:29:54.708902,outputs_local,problematic_mob_repeated_energy,weak_outside_range
MoB,interface_(100)_cluster2Ag,H,-326.6151575831705,-330.39209686778963,-6.438412987227449,-0.5577327910053937,-0.5577327910053937,GPAW_LDA,completed,2026-03-01T05:39:06.076787,outputs_local,,weak_outside_range
MoB,interface_(100)_cluster2Au,H,-327.924361519487,-331.5296498881923,-6.438412987227449,-0.3860818750915924,-0.3860818750915924,GPAW_LDA,completed,2026-03-01T09:46:02.681015,outputs_local,,good_reasonable
MoB,interface_(100)_cluster2Ir,H,-338.2842436291614,-342.30076354365764,-6.438412987227449,-0.7973134208825328,-0.7973134208825328,GPAW_LDA,completed,2026-03-01T14:25:19.851595,outputs_local,,weak_outside_range
MoB,interface_(100)_cluster2Ni,H,-333.28666473809795,-337.28426433899557,-6.438412987227449,-0.778393107283891,-0.778393107283891,GPAW_LDA,completed,2026-03-01T19:17:30.268027,outputs_local,,weak_outside_range
MoB,interface_(100)_cluster2Pd,H,-329.3295614270363,-332.94111552624247,-6.438412987227449,-0.3923476055924353,-0.3923476055924353,GPAW_LDA,completed,2026-03-02T00:26:32.373814,outputs_local,,good_reasonable
MoB,interface_(100)_cluster2Pt,H,-334.096379130516,-337.95608360658247,-6.438412987227449,-0.6404979824527159,-0.6404979824527159,GPAW_LDA,completed,2026-03-02T05:26:03.579468,outputs_local,,weak_outside_range
MoB,interface_(100)_cluster2Ru,H,-337.6997602100795,-341.63681019439235,-6.438412987227449,-0.7178434906991398,-0.7178434906991398,GPAW_LDA,completed,2026-03-02T10:59:23.295766,outputs_local,,weak_outside_range
MoB,interface_(100)_cluster4Ag,H,-331.66143175927476,-334.8726137448352,-6.438412987227449,0.00802450805330901,0.00802450805330901,GPAW_LDA,completed,2026-03-02T16:46:32.042289,outputs_local,,excellent_near_zero
MoB,interface_(100)_cluster4Au,H,-334.0972599511984,-336.9858915989823,-6.438412987227449,0.33057484582984253,0.33057484582984253,GPAW_LDA,completed,2026-03-02T20:41:37.030945,outputs_local,,good_reasonable
MoB,interface_(100)_cluster4Ir,H,-359.5601866686798,-362.615928837716,-6.438412987227449,0.1634643245775309,0.1634643245775309,GPAW_LDA,completed,2026-03-03T00:19:01.205137,outputs_local,,excellent_near_zero
MoB,interface_(100)_cluster4Ni,H,-349.2661683725835,-352.71881668875756,-6.438412987227449,-0.23344182256035273,-0.23344182256035273,GPAW_LDA,completed,2026-03-03T04:03:41.346587,outputs_local,,good_reasonable
MoB,interface_(100)_cluster4Pd,H,-339.04975605040806,-342.4135551033425,-6.438412987227449,-0.1445925593207149,-0.1445925593207149,GPAW_LDA,completed,2026-03-03T09:08:38.193981,outputs_local,,excellent_near_zero
MoB,interface_(100)_cluster4Pt,H,-349.0076406012634,-352.0150271262503,-6.438412987227449,0.21181996862683983,0.21181996862683983,GPAW_LDA,completed,2026-03-03T13:44:41.054274,outputs_local,,good_reasonable
MoB,interface_(100)_cluster4Ru,H,-358.34380782000477,-361.8056152015934,-6.438412987227449,-0.24260088797491752,-0.24260088797491752,GPAW_LDA,completed,2026-03-03T17:29:35.730233,outputs_local,,good_reasonable
MoB,interface_(100)_dopAg,H,-320.06403153154895,-321.8770759898546,-6.438412987227449,1.4061620353080984,1.4061620353080984,GPAW_LDA,completed,2026-03-03T20:53:58.997268,outputs_local,problematic_mob_repeated_energy,weak_outside_range
MoB,interface_(100)_dopAu,H,-320.06403153154895,-321.8770759898546,-6.438412987227449,1.4061620353080984,1.4061620353080984,GPAW_LDA,completed,2026-03-04T00:11:05.061046,outputs_local,problematic_mob_repeated_energy,weak_outside_range
MoB,interface_(100)_dopIr,H,-320.06403153154895,-321.8770759898546,-6.438412987227449,1.4061620353080984,1.4061620353080984,GPAW_LDA,completed,2026-03-04T03:23:47.931913,outputs_local,problematic_mob_repeated_energy,weak_outside_range
MoB,interface_(100)_dopNi,H,-320.06403153154895,-321.8770759898546,-6.438412987227449,1.4061620353080984,1.4061620353080984,GPAW_LDA,completed,2026-03-04T06:39:46.757820,outputs_local,problematic_mob_repeated_energy,weak_outside_range
MoB,interface_(100)_dopPd,H,-320.06403153154895,-321.8770759898546,-6.438412987227449,1.4061620353080984,1.4061620353080984,GPAW_LDA,completed,2026-03-04T10:30:19.147200,outputs_local,problematic_mob_repeated_energy,weak_outside_range
MoB,interface_(100)_dopPt,H,-320.06403153154895,-321.8770759898546,-6.438412987227449,1.4061620353080984,1.4061620353080984,GPAW_LDA,completed,2026-03-04T14:13:57.504129,outputs_local,problematic_mob_repeated_energy,weak_outside_range
MoB,interface_(100)_dopRu,H,-320.06403153154895,-321.8770759898546,-6.438412987227449,1.4061620353080984,1.4061620353080984,GPAW_LDA,completed,2026-03-04T17:39:42.658643,outputs_local,problematic_mob_repeated_energy,weak_outside_range
MoB,interface_(111),H,-328.3940125562401,-330.5464763885292,-6.438412987227449,1.066742661324652,1.066742661324652,GPAW_LDA,completed,2026-03-04T20:54:11.671246,outputs_local,problematic_mob_repeated_energy,weak_outside_range
MoB,interface_(111)_cluster2Ag,H,-334.76883675090676,-338.43942826760326,-6.438412987227449,-0.45138502308277983,-0.45138502308277983,GPAW_LDA,completed,2026-03-05T00:19:06.787550,outputs_local,,good_reasonable
MoB,interface_(111)_cluster2Au,H,-335.9954855142528,-339.453404982516,-6.438412987227449,-0.23871297464951757,-0.23871297464951757,GPAW_LDA,completed,2026-03-05T03:49:28.691847,outputs_local,,good_reasonable
MoB,interface_(111)_cluster2Ir,H,-345.83018411072766,-349.7327142020288,-6.438412987227449,-0.6833235976873921,-0.6833235976873921,GPAW_LDA,completed,2026-03-05T07:13:31.003520,outputs_local,,weak_outside_range
MoB,interface_(111)_cluster2Ni,H,-341.43343066772775,-345.3705920460451,-6.438412987227449,-0.7179548847036172,-0.7179548847036172,GPAW_LDA,completed,2026-03-05T11:48:52.973281,outputs_local,,weak_outside_range
MoB,interface_(111)_cluster2Pd,H,-337.33197236241915,-340.9326774973153,-6.438412987227449,-0.38149864128242106,-0.38149864128242106,GPAW_LDA,completed,2026-03-05T16:45:01.939085,outputs_local,,good_reasonable
MoB,interface_(111)_cluster2Pt,H,-341.8846598923137,-345.6724958837037,-6.438412987227449,-0.5686294977762301,-0.5686294977762301,GPAW_LDA,completed,2026-03-05T21:08:53.058006,outputs_local,,weak_outside_range
MoB,interface_(111)_cluster2Ru,H,-345.3673032426798,-349.23830802910584,-6.438412987227449,-0.6517982928123316,-0.6517982928123316,GPAW_LDA,completed,2026-03-06T01:24:17.781745,outputs_local,,weak_outside_range
MoB,interface_(111)_cluster4Ag,H,-340.7268686901952,-343.8167193086287,-6.438412987227449,0.1293558751802224,0.1293558751802224,GPAW_LDA,completed,2026-03-06T05:39:30.515766,outputs_local,,excellent_near_zero
MoB,interface_(111)_cluster4Au,H,-342.818429936253,-345.53926466624245,-6.438412987227449,0.4983717636242617,0.4983717636242617,GPAW_LDA,completed,2026-03-06T10:21:13.582475,outputs_local,,good_reasonable
MoB,interface_(111)_cluster4Ir,H,-367.05438901220094,-370.0569676183271,-6.438412987227449,0.21662788748754602,0.21662788748754602,GPAW_LDA,completed,2026-03-06T15:27:57.764367,outputs_local,,good_reasonable
MoB,interface_(111)_cluster4Ni,H,-357.17947662869824,-360.5452038964692,-6.438412987227449,-0.14652077415725406,-0.14652077415725406,GPAW_LDA,completed,2026-03-06T19:34:23.504200,outputs_local,,excellent_near_zero
MoB,interface_(111)_cluster4Pd,H,-347.20268993902204,-350.5223938525466,-6.438412987227449,-0.10049741991083883,-0.10049741991083883,GPAW_LDA,completed,2026-03-07T02:19:50.665766,outputs_local,,excellent_near_zero
MoB,interface_(111)_cluster4Pt,H,-356.74095654534005,-359.65892622853096,-6.438412987227449,0.30123681042282024,0.30123681042282024,GPAW_LDA,completed,2026-03-07T06:47:05.499992,outputs_local,,good_reasonable
MoB,interface_(111)_cluster4Ru,H,-366.27431849706,-369.6980331331544,-6.438412987227449,-0.20450814248069227,-0.20450814248069227,GPAW_LDA,completed,2026-03-07T11:12:35.806164,outputs_local,,good_reasonable
MoB,interface_(111)_dopAg,H,-328.3940125562401,-330.5464763885292,-6.438412987227449,1.066742661324652,1.066742661324652,GPAW_LDA,completed,2026-03-07T16:06:04.262002,outputs_local,problematic_mob_repeated_energy,weak_outside_range
MoB,interface_(111)_dopAu,H,-328.3940125562401,-330.5464763885292,-6.438412987227449,1.066742661324652,1.066742661324652,GPAW_LDA,completed,2026-03-07T19:37:59.837591,outputs_local,problematic_mob_repeated_energy,weak_outside_range
MoB,interface_(111)_dopIr,H,-328.3940125562401,-330.5464763885292,-6.438412987227449,1.066742661324652,1.066742661324652,GPAW_LDA,completed,2026-03-07T23:10:25.654754,outputs_local,problematic_mob_repeated_energy,weak_outside_range
MoB,interface_(111)_dopNi,H,-328.3940125562401,-330.5464763885292,-6.438412987227449,1.066742661324652,1.066742661324652,GPAW_LDA,completed,2026-03-08T02:40:42.735803,outputs_local,problematic_mob_repeated_energy,weak_outside_range
MoB,interface_(111)_dopPd,H,-328.3940125562401,-330.5464763885292,-6.438412987227449,1.066742661324652,1.066742661324652,GPAW_LDA,completed,2026-03-08T06:15:55.287264,outputs_local,problematic_mob_repeated_energy,weak_outside_range
MoB,interface_(111)_dopPt,H,-328.3940125562401,-330.5464763885292,-6.438412987227449,1.066742661324652,1.066742661324652,GPAW_LDA,completed,2026-03-08T09:51:08.019521,outputs_local,problematic_mob_repeated_energy,weak_outside_range
MoB,interface_(111)_dopRu,H,-328.3940125562401,-330.5464763885292,-6.438412987227449,1.066742661324652,1.066742661324652,GPAW_LDA,completed,2026-03-08T13:27:38.686662,outputs_local,problematic_mob_repeated_energy,weak_outside_range
