formula,surface_facet,adsorbate,E_clean_slab_eV,E_slab_with_h_eV,E_h2_eV,ΔGH_eV,descriptor_eV,source,adsorption_site,h2_source,relaxed,status,timestamp,stage,basis,xc,kpts,relax_steps,fmax,site_search,mpi_ranks,omp_threads,restart_used
MoB,edge_B,H,3500.5401716558345,3499.6875002840798,-6.557687608125613,2.426172432308111,2.426172432308111,MACE-MP-0_small,top_1,computed,True,completed,2026-05-05T16:21:45.913157,stage0,mace_small,MACE-MP-0,"1,1,1",30,0.05,basic,1,32,False
MoS2,(100),H,-314.64941923418195,-318.70576201757086,-6.557687608125613,-0.7774989793261073,-0.7774989793261073,MACE-MP-0_small,top_1,cache,True,completed,2026-05-05T16:23:03.649040,stage0,mace_small,MACE-MP-0,"1,1,1",30,0.05,basic,1,32,False
MoS2,edge_Mo,H,-228.6221220387019,-231.6168711674115,-6.557687608125613,0.2840946753532063,0.2840946753532063,MACE-MP-0_small,top_4,cache,True,completed,2026-05-05T16:23:23.818594,stage0,mace_small,MACE-MP-0,"1,1,1",30,0.05,basic,1,32,False
MoS2,edge_S,H,-228.46377202678318,-231.45362404511053,-6.557687608125613,0.2889917857354516,0.2889917857354516,MACE-MP-0_small,top_4,cache,True,completed,2026-05-05T16:23:31.674681,stage0,mace_small,MACE-MP-0,"1,1,1",30,0.05,basic,1,32,False
Mo2C,(100),H,-731.5917983615163,-735.3550327217614,-6.557687608125613,-0.48439055618225835,-0.48439055618225835,MACE-MP-0_small,top_2,cache,True,completed,2026-05-05T16:23:50.084969,stage0,mace_small,MACE-MP-0,"1,1,1",30,0.05,basic,1,32,False
Mo2C,(100)_dopAg,H,-725.5747930668625,-729.3499013366942,-6.557687608125613,-0.49626446576885597,-0.49626446576885597,MACE-MP-0_small,top_4,cache,True,completed,2026-05-05T16:24:55.742603,stage0,mace_small,MACE-MP-0,"1,1,1",30,0.05,basic,1,32,False
Mo2C,(100)_dopAu,H,-726.3125259542016,-730.0900638310139,-6.557687608125613,-0.49869407274948285,-0.49869407274948285,MACE-MP-0_small,top_4,cache,True,completed,2026-05-05T16:25:59.167771,stage0,mace_small,MACE-MP-0,"1,1,1",30,0.05,basic,1,32,False
Mo2C,(100)_dopIr,H,-730.1621916501467,-734.8855739545961,-6.557687608125613,-1.4445385003865812,-1.4445385003865812,MACE-MP-0_small,top_1,cache,True,completed,2026-05-05T16:27:14.496590,stage0,mace_small,MACE-MP-0,"1,1,1",30,0.05,basic,1,32,False
Mo2C,(100)_dopNi,H,-727.2025954435219,-731.1388773564627,-6.557687608125613,-0.657438108877979,-0.657438108877979,MACE-MP-0_small,top_1,cache,True,completed,2026-05-05T16:28:29.947475,stage0,mace_small,MACE-MP-0,"1,1,1",30,0.05,basic,1,32,False
Mo2C,(100)_dopPd,H,-727.7998751424814,-731.6424756798937,-6.557687608125613,-0.5637567333494888,-0.5637567333494888,MACE-MP-0_small,top_1,cache,True,completed,2026-05-05T16:29:52.692889,stage0,mace_small,MACE-MP-0,"1,1,1",30,0.05,basic,1,32,False
Mo2C,(100)_dopPt,H,-728.5607406885119,-732.6040581743704,-6.557687608125613,-0.7644736817956317,-0.7644736817956317,MACE-MP-0_small,top_1,cache,True,completed,2026-05-05T16:30:57.585849,stage0,mace_small,MACE-MP-0,"1,1,1",30,0.05,basic,1,32,False
Mo2C,(100)_dopRu,H,-730.5494885708919,-735.041652354705,-6.557687608125613,-1.2133199797503056,-1.2133199797503056,MACE-MP-0_small,top_1,cache,True,completed,2026-05-05T16:32:11.112649,stage0,mace_small,MACE-MP-0,"1,1,1",30,0.05,basic,1,32,False
Mo2C,(100)_sheet,H,-2926.3671934460885,-2930.130415815132,-6.557687608125613,-0.4843785649806267,-0.4843785649806267,MACE-MP-0_small,top_2,cache,True,completed,2026-05-05T16:33:27.518191,stage0,mace_small,MACE-MP-0,"1,1,1",30,0.05,basic,1,32,False
Mo2C,(100)_vac2C,H,-731.5917983615163,-735.3550327217614,-6.557687608125613,-0.48439055618225835,-0.48439055618225835,MACE-MP-0_small,top_2,cache,True,completed,2026-05-05T16:38:31.669449,stage0,mace_small,MACE-MP-0,"1,1,1",30,0.05,basic,1,32,False
Mo2C,(100)_vac2Mo,H,-714.0615844798061,-717.8327576389416,-6.557687608125613,-0.49232935507270836,-0.49232935507270836,MACE-MP-0_small,top_1,cache,True,completed,2026-05-05T16:39:53.819052,stage0,mace_small,MACE-MP-0,"1,1,1",30,0.05,basic,1,32,False
Mo2C,(100)_vacC,H,-731.5917983615163,-735.3550327217614,-6.557687608125613,-0.48439055618225835,-0.48439055618225835,MACE-MP-0_small,top_2,cache,True,completed,2026-05-05T16:41:16.683419,stage0,mace_small,MACE-MP-0,"1,1,1",30,0.05,basic,1,32,False
Mo2C,(100)_vacMo,H,-722.5657509414185,-726.347788943257,-6.557687608125613,-0.5031941977756804,-0.5031941977756804,MACE-MP-0_small,top_3,cache,True,completed,2026-05-05T16:42:41.214119,stage0,mace_small,MACE-MP-0,"1,1,1",30,0.05,basic,1,32,False
Mo2C,(110),H,-726.9237957366935,-731.1676374213074,-6.557687608125613,-0.9649978805511199,-0.9649978805511199,MACE-MP-0_small,bridge_center,cache,True,completed,2026-05-05T16:44:05.695980,stage0,mace_small,MACE-MP-0,"1,1,1",30,0.05,basic,1,32,False
Mo2C,(110)_dopAg,H,-720.8616692801934,-725.1239360087158,-6.557687608125613,-0.9834229244595707,-0.9834229244595707,MACE-MP-0_small,bridge_center,cache,True,completed,2026-05-05T16:45:50.318292,stage0,mace_small,MACE-MP-0,"1,1,1",30,0.05,basic,1,32,False
Mo2C,(110)_dopAu,H,-721.5178511450277,-725.4596678353628,-6.557687608125613,-0.6629728862722248,-0.6629728862722248,MACE-MP-0_small,top_centroid,cache,True,completed,2026-05-05T16:47:42.227128,stage0,mace_small,MACE-MP-0,"1,1,1",30,0.05,basic,1,32,False
Mo2C,(110)_dopIr,H,-724.8744600090221,-729.4799289859101,-6.557687608125613,-1.326625172825199,-1.326625172825199,MACE-MP-0_small,top_2,cache,True,completed,2026-05-05T16:49:19.824583,stage0,mace_small,MACE-MP-0,"1,1,1",30,0.05,basic,1,32,False
Mo2C,(110)_dopNi,H,-722.2918478282263,-726.3260495406935,-6.557687608125613,-0.7553579084043593,-0.7553579084043593,MACE-MP-0_small,top_2,cache,True,completed,2026-05-05T16:51:14.527069,stage0,mace_small,MACE-MP-0,"1,1,1",30,0.05,basic,1,32,False
Mo2C,(110)_dopPd,H,-722.6727240422214,-726.9466959509754,-6.557687608125613,-0.9951281046911862,-0.9951281046911862,MACE-MP-0_small,bridge_center,cache,True,completed,2026-05-05T16:52:54.946574,stage0,mace_small,MACE-MP-0,"1,1,1",30,0.05,basic,1,32,False
Mo2C,(110)_dopPt,H,-723.2035346601597,-727.2177069308066,-6.557687608125613,-0.7353284665840891,-0.7353284665840891,MACE-MP-0_small,top_centroid,cache,True,completed,2026-05-05T16:54:31.545437,stage0,mace_small,MACE-MP-0,"1,1,1",30,0.05,basic,1,32,False
Mo2C,(110)_dopRu,H,-725.0425983588266,-729.6673983958082,-6.557687608125613,-1.3459562329187764,-1.3459562329187764,MACE-MP-0_small,top_2,cache,True,completed,2026-05-05T16:56:20.819559,stage0,mace_small,MACE-MP-0,"1,1,1",30,0.05,basic,1,32,False
Mo2C,(110)_sheet,H,-2907.695182946797,-2911.194718156411,-6.557687608125613,-0.22069140555108957,-0.22069140555108957,MACE-MP-0_small,top_3,cache,True,completed,2026-05-05T16:58:09.662143,stage0,mace_small,MACE-MP-0,"1,1,1",30,0.05,basic,1,32,False
Mo2C,(110)_vac2C,H,-726.9237957366935,-731.1676374213074,-6.557687608125613,-0.9649978805511199,-0.9649978805511199,MACE-MP-0_small,bridge_center,cache,True,completed,2026-05-05T17:03:33.666095,stage0,mace_small,MACE-MP-0,"1,1,1",30,0.05,basic,1,32,False
Mo2C,(110)_vac2Mo,H,-710.0444463970402,-714.0874894823687,-6.557687608125613,-0.7641992812656571,-0.7641992812656571,MACE-MP-0_small,bridge_center,cache,True,completed,2026-05-05T17:05:17.834461,stage0,mace_small,MACE-MP-0,"1,1,1",30,0.05,basic,1,32,False
Mo2C,(110)_vacC,H,-726.9237957366935,-731.1676374213074,-6.557687608125613,-0.9649978805511199,-0.9649978805511199,MACE-MP-0_small,bridge_center,cache,True,completed,2026-05-05T17:06:10.530306,stage0,mace_small,MACE-MP-0,"1,1,1",30,0.05,basic,1,32,False
Mo2C,(110)_vacMo,H,-718.4891203059575,-722.5271338203355,-6.557687608125613,-0.7591697103152018,-0.7591697103152018,MACE-MP-0_small,bridge_center,cache,True,completed,2026-05-05T17:07:55.659129,stage0,mace_small,MACE-MP-0,"1,1,1",30,0.05,basic,1,32,False
Mo2C,(111),H,-720.6912465502786,-726.2029717698523,-6.557687608125613,-2.2328814155108847,-2.2328814155108847,MACE-MP-0_small,top_4,cache,True,completed,2026-05-05T17:09:11.899866,stage0,mace_small,MACE-MP-0,"1,1,1",30,0.05,basic,1,32,False
Mo2C,(111)_dopAg,H,-720.6912465502786,-726.2029717698523,-6.557687608125613,-2.2328814155108847,-2.2328814155108847,MACE-MP-0_small,top_4,cache,True,completed,2026-05-05T17:10:43.891347,stage0,mace_small,MACE-MP-0,"1,1,1",30,0.05,basic,1,32,False
Mo2C,(111)_dopAu,H,-720.6912465502786,-726.2029717698523,-6.557687608125613,-2.2328814155108847,-2.2328814155108847,MACE-MP-0_small,top_4,cache,True,completed,2026-05-05T17:12:14.350012,stage0,mace_small,MACE-MP-0,"1,1,1",30,0.05,basic,1,32,False
Mo2C,(111)_dopIr,H,-720.6912465502786,-726.2029717698523,-6.557687608125613,-2.2328814155108847,-2.2328814155108847,MACE-MP-0_small,top_4,cache,True,completed,2026-05-05T17:13:47.112737,stage0,mace_small,MACE-MP-0,"1,1,1",30,0.05,basic,1,32,False
Mo2C,(111)_dopNi,H,-720.6912465502786,-726.2029717698523,-6.557687608125613,-2.2328814155108847,-2.2328814155108847,MACE-MP-0_small,top_4,cache,True,completed,2026-05-05T17:15:12.758413,stage0,mace_small,MACE-MP-0,"1,1,1",30,0.05,basic,1,32,False
Mo2C,(111)_dopPd,H,-720.6912465502786,-726.2029717698523,-6.557687608125613,-2.2328814155108847,-2.2328814155108847,MACE-MP-0_small,top_4,cache,True,completed,2026-05-05T17:16:44.819492,stage0,mace_small,MACE-MP-0,"1,1,1",30,0.05,basic,1,32,False
Mo2C,(111)_dopPt,H,-720.6912465502786,-726.2029717698523,-6.557687608125613,-2.2328814155108847,-2.2328814155108847,MACE-MP-0_small,top_4,cache,True,completed,2026-05-05T17:18:13.674665,stage0,mace_small,MACE-MP-0,"1,1,1",30,0.05,basic,1,32,False
Mo2C,(111)_dopRu,H,-720.6912465502786,-726.2029717698523,-6.557687608125613,-2.2328814155108847,-2.2328814155108847,MACE-MP-0_small,top_4,cache,True,completed,2026-05-05T17:19:43.261208,stage0,mace_small,MACE-MP-0,"1,1,1",30,0.05,basic,1,32,False
Mo2C,(111)_sheet,H,-2882.7649862011385,-2888.2767115697807,-6.557687608125613,-2.23288156457934,-2.23288156457934,MACE-MP-0_small,top_3,cache,True,completed,2026-05-05T17:21:07.302357,stage0,mace_small,MACE-MP-0,"1,1,1",30,0.05,basic,1,32,False
Mo2C,(111)_vac2C,H,-705.2622699872841,-710.7772733683818,-6.557687608125613,-2.236159577034893,-2.236159577034893,MACE-MP-0_small,top_1,cache,True,completed,2026-05-05T17:27:40.113716,stage0,mace_small,MACE-MP-0,"1,1,1",30,0.05,basic,1,32,False
Mo2C,(111)_vac2Mo,H,-720.6912465502786,-726.2029717698523,-6.557687608125613,-2.2328814155108847,-2.2328814155108847,MACE-MP-0_small,top_4,cache,True,completed,2026-05-05T17:28:29.932925,stage0,mace_small,MACE-MP-0,"1,1,1",30,0.05,basic,1,32,False
Mo2C,(111)_vacC,H,-712.9768781179031,-718.4909264162884,-6.557687608125613,-2.2352044943225127,-2.2352044943225127,MACE-MP-0_small,top_3,cache,True,completed,2026-05-05T17:29:57.148272,stage0,mace_small,MACE-MP-0,"1,1,1",30,0.05,basic,1,32,False
Mo2C,(111)_vacMo,H,-720.6912465502786,-726.2029717698523,-6.557687608125613,-2.2328814155108847,-2.2328814155108847,MACE-MP-0_small,top_4,cache,True,completed,2026-05-05T17:31:31.703610,stage0,mace_small,MACE-MP-0,"1,1,1",30,0.05,basic,1,32,False
Mo2C,edge_C,H,-487.89007462145617,-491.4223800863941,-6.557687608125613,-0.25346166087515654,-0.25346166087515654,MACE-MP-0_small,top_1,cache,True,completed,2026-05-05T17:33:02.979853,stage0,mace_small,MACE-MP-0,"1,1,1",30,0.05,basic,1,32,False
Mo2C,edge_C_large,H,-1260.842150250306,-1264.3744567706276,-6.557687608125613,-0.2534627162587202,-0.2534627162587202,MACE-MP-0_small,top_3,cache,True,completed,2026-05-05T17:33:40.351200,stage0,mace_small,MACE-MP-0,"1,1,1",30,0.05,basic,1,32,False
Mo2C,edge_Mo,H,-521.0253115093892,-524.5576175668432,-6.557687608125613,-0.25346225339117323,-0.25346225339117323,MACE-MP-0_small,top_1,cache,True,completed,2026-05-05T17:35:26.247304,stage0,mace_small,MACE-MP-0,"1,1,1",30,0.05,basic,1,32,False
Mo2C,edge_Mo_large,H,-1310.5450055822057,-1314.0773121024788,-6.557687608125613,-0.2534627162102896,-0.2534627162102896,MACE-MP-0_small,top_1,cache,True,completed,2026-05-05T17:36:05.464981,stage0,mace_small,MACE-MP-0,"1,1,1",30,0.05,basic,1,32,False
Mo2N,(100),H,-354.51193836656944,-358.4092663810241,-6.557687608125613,-0.6184842103918657,-0.6184842103918657,MACE-MP-0_small,top_2,cache,True,completed,2026-05-05T17:38:15.433186,stage0,mace_small,MACE-MP-0,"1,1,1",30,0.05,basic,1,32,False
Mo2N,(100)_dopAg,H,-346.715259671019,-351.0535236470258,-6.557687608125613,-1.0594201719440224,-1.0594201719440224,MACE-MP-0_small,top_2,cache,True,completed,2026-05-05T17:38:29.609353,stage0,mace_small,MACE-MP-0,"1,1,1",30,0.05,basic,1,32,False
Mo2N,(100)_dopAu,H,-347.1569910926121,-351.3841476350416,-6.557687608125613,-0.9483127383666914,-0.9483127383666914,MACE-MP-0_small,top_2,cache,True,completed,2026-05-05T17:38:44.214915,stage0,mace_small,MACE-MP-0,"1,1,1",30,0.05,basic,1,32,False
Mo2N,(100)_dopIr,H,-351.39310555253536,-355.7873264655767,-6.557687608125613,-1.1153771089785454,-1.1153771089785454,MACE-MP-0_small,top_2,cache,True,completed,2026-05-05T17:38:59.659718,stage0,mace_small,MACE-MP-0,"1,1,1",30,0.05,basic,1,32,False
Mo2N,(100)_dopNi,H,-349.7721068415861,-354.0089101192068,-6.557687608125613,-0.9579594735579025,-0.9579594735579025,MACE-MP-0_small,top_2,cache,True,completed,2026-05-05T17:39:21.714146,stage0,mace_small,MACE-MP-0,"1,1,1",30,0.05,basic,1,32,False
Mo2N,(100)_dopPd,H,-349.1230387215777,-353.328496862408,-6.557687608125613,-0.9266143367674675,-0.9266143367674675,MACE-MP-0_small,top_2,cache,True,completed,2026-05-05T17:39:35.382453,stage0,mace_small,MACE-MP-0,"1,1,1",30,0.05,basic,1,32,False
Mo2N,(100)_dopPt,H,-349.8149906982275,-353.877526580372,-6.557687608125613,-0.783692078081653,-0.783692078081653,MACE-MP-0_small,top_2,cache,True,completed,2026-05-05T17:39:49.145593,stage0,mace_small,MACE-MP-0,"1,1,1",30,0.05,basic,1,32,False
Mo2N,(100)_dopRu,H,-351.4431329904069,-356.18462669403687,-6.557687608125613,-1.4626498995671358,-1.4626498995671358,MACE-MP-0_small,top_1,cache,True,completed,2026-05-05T17:40:07.018727,stage0,mace_small,MACE-MP-0,"1,1,1",30,0.05,basic,1,32,False
Mo2N,(100)_vac2Mo,H,-331.2282422060777,-336.3975981321619,-6.557687608125613,-1.890512122021359,-1.890512122021359,MACE-MP-0_small,top_1,cache,True,completed,2026-05-05T17:40:24.683103,stage0,mace_small,MACE-MP-0,"1,1,1",30,0.05,basic,1,32,False
Mo2N,(100)_vac2N,H,-334.2818651946433,-338.18501007630283,-6.557687608125613,-0.6243010775967508,-0.6243010775967508,MACE-MP-0_small,top_1,cache,True,completed,2026-05-05T17:40:58.815173,stage0,mace_small,MACE-MP-0,"1,1,1",30,0.05,basic,1,32,False
Mo2N,(100)_vacMo,H,-342.83727288530633,-347.950547465002,-6.557687608125613,-1.8344307756328493,-1.8344307756328493,MACE-MP-0_small,top_3,cache,True,completed,2026-05-05T17:41:12.079500,stage0,mace_small,MACE-MP-0,"1,1,1",30,0.05,basic,1,32,False
Mo2N,(100)_vacN,H,-344.807872882785,-348.7063660888332,-6.557687608125613,-0.6196494019854089,-0.6196494019854089,MACE-MP-0_small,top_4,cache,True,completed,2026-05-05T17:41:30.226890,stage0,mace_small,MACE-MP-0,"1,1,1",30,0.05,basic,1,32,False
Mo2N,(110),H,-354.0863836535377,-357.8967502315479,-6.557687608125613,-0.5315227739473829,-0.5315227739473829,MACE-MP-0_small,top_3,cache,True,completed,2026-05-05T17:41:46.873984,stage0,mace_small,MACE-MP-0,"1,1,1",30,0.05,basic,1,32,False
Mo2N,(110)_dopAg,H,-346.08659885443353,-350.2826581118041,-6.557687608125613,-0.9172154533077577,-0.9172154533077577,MACE-MP-0_small,top_3,cache,True,completed,2026-05-05T17:42:01.981226,stage0,mace_small,MACE-MP-0,"1,1,1",30,0.05,basic,1,32,False
Mo2N,(110)_dopAu,H,-346.53869293351084,-350.67623734567337,-6.557687608125613,-0.8587006080997202,-0.8587006080997202,MACE-MP-0_small,top_3,cache,True,completed,2026-05-05T17:42:39.921645,stage0,mace_small,MACE-MP-0,"1,1,1",30,0.05,basic,1,32,False
Mo2N,(110)_dopIr,H,-351.00094897477925,-355.2531904850936,-6.557687608125613,-0.9733977062515708,-0.9733977062515708,MACE-MP-0_small,top_3,cache,True,completed,2026-05-05T17:43:19.088404,stage0,mace_small,MACE-MP-0,"1,1,1",30,0.05,basic,1,32,False
Mo2N,(110)_dopNi,H,-349.3595234728199,-353.4807653542165,-6.557687608125613,-0.8423980773337933,-0.8423980773337933,MACE-MP-0_small,top_3,cache,True,completed,2026-05-05T17:44:03.215186,stage0,mace_small,MACE-MP-0,"1,1,1",30,0.05,basic,1,32,False
Mo2N,(110)_dopPd,H,-348.6734786402192,-352.8012479335046,-6.557687608125613,-0.848925489222633,-0.848925489222633,MACE-MP-0_small,top_3,cache,True,completed,2026-05-05T17:44:42.444405,stage0,mace_small,MACE-MP-0,"1,1,1",30,0.05,basic,1,32,False
Mo2N,(110)_dopPt,H,-349.44547136627125,-353.4288217701428,-6.557687608125613,-0.7045065998087483,-0.7045065998087483,MACE-MP-0_small,top_1,cache,True,completed,2026-05-05T17:45:17.298415,stage0,mace_small,MACE-MP-0,"1,1,1",30,0.05,basic,1,32,False
Mo2N,(110)_dopRu,H,-351.18975212235193,-355.74688037825376,-6.557687608125613,-1.2782844518390237,-1.2782844518390237,MACE-MP-0_small,top_2,cache,True,completed,2026-05-05T17:45:52.720016,stage0,mace_small,MACE-MP-0,"1,1,1",30,0.05,basic,1,32,False
Mo2N,(110)_vac2Mo,H,-335.34433542826616,-340.48980986233215,-6.557687608125613,-1.8666306300031823,-1.8666306300031823,MACE-MP-0_small,top_1,cache,True,completed,2026-05-05T17:46:34.148757,stage0,mace_small,MACE-MP-0,"1,1,1",30,0.05,basic,1,32,False
Mo2N,(110)_vac2N,H,-333.64995999657,-337.458232571327,-6.557687608125613,-0.5294287706942344,-0.5294287706942344,MACE-MP-0_small,top_5,cache,True,completed,2026-05-05T17:47:14.752338,stage0,mace_small,MACE-MP-0,"1,1,1",30,0.05,basic,1,32,False
Mo2N,(110)_vacMo,H,-342.33687202664424,-347.3630786887937,-6.557687608125613,-1.7473628580866278,-1.7473628580866278,MACE-MP-0_small,top_2,cache,True,completed,2026-05-05T17:47:28.547305,stage0,mace_small,MACE-MP-0,"1,1,1",30,0.05,basic,1,32,False
Mo2N,(110)_vacN,H,-344.3151978380291,-348.1285840640668,-6.557687608125613,-0.5345424219748582,-0.5345424219748582,MACE-MP-0_small,top_6,cache,True,completed,2026-05-05T17:48:13.869951,stage0,mace_small,MACE-MP-0,"1,1,1",30,0.05,basic,1,32,False
Mo2N,(111),H,-342.6230892428462,-346.06546197822274,-6.557687608125613,-0.1635289313137167,-0.1635289313137167,MACE-MP-0_small,bridge_center,cache,True,completed,2026-05-05T17:48:30.486908,stage0,mace_small,MACE-MP-0,"1,1,1",30,0.05,basic,1,32,False
Mo2N,(111)_dopAg,H,-336.03741398454696,-339.9141137080802,-6.557687608125613,-0.5978559194704434,-0.5978559194704434,MACE-MP-0_small,bridge_center,cache,True,completed,2026-05-05T17:48:43.040358,stage0,mace_small,MACE-MP-0,"1,1,1",30,0.05,basic,1,32,False
Mo2N,(111)_dopAu,H,-336.67931573522594,-340.5393372412803,-6.557687608125613,-0.5811777019915456,-0.5811777019915456,MACE-MP-0_small,bridge_center,cache,True,completed,2026-05-05T17:49:11.899590,stage0,mace_small,MACE-MP-0,"1,1,1",30,0.05,basic,1,32,False
Mo2N,(111)_dopIr,H,-339.60978142758756,-344.5231154866158,-6.557687608125613,-1.6344902549654097,-1.6344902549654097,MACE-MP-0_small,top_2,cache,True,completed,2026-05-05T17:49:34.210745,stage0,mace_small,MACE-MP-0,"1,1,1",30,0.05,basic,1,32,False
Mo2N,(111)_dopNi,H,-337.8793019161616,-342.18921114408266,-6.557687608125613,-1.031065423858276,-1.031065423858276,MACE-MP-0_small,top_2,cache,True,completed,2026-05-05T17:49:58.107279,stage0,mace_small,MACE-MP-0,"1,1,1",30,0.05,basic,1,32,False
Mo2N,(111)_dopPd,H,-337.8623353587229,-341.8640038430985,-6.557687608125613,-0.7228246803128076,-0.7228246803128076,MACE-MP-0_small,top_2,cache,True,completed,2026-05-05T17:50:21.929985,stage0,mace_small,MACE-MP-0,"1,1,1",30,0.05,basic,1,32,False
Mo2N,(111)_dopPt,H,-338.4991028794567,-342.73618616551386,-6.557687608125613,-0.9582394819943505,-0.9582394819943505,MACE-MP-0_small,top_2,cache,True,completed,2026-05-05T17:50:46.226408,stage0,mace_small,MACE-MP-0,"1,1,1",30,0.05,basic,1,32,False
Mo2N,(111)_dopRu,H,-339.91008155628094,-344.58620733333703,-6.557687608125613,-1.3972819729932797,-1.3972819729932797,MACE-MP-0_small,bridge_center,cache,True,completed,2026-05-05T17:51:10.165903,stage0,mace_small,MACE-MP-0,"1,1,1",30,0.05,basic,1,32,False
Mo2N,(111)_vac2Mo,H,-324.7049029742315,-327.94837534159456,-6.557687608125613,0.03537143669976617,0.03537143669976617,MACE-MP-0_small,top_1,cache,True,completed,2026-05-05T17:51:33.525068,stage0,mace_small,MACE-MP-0,"1,1,1",30,0.05,basic,1,32,False
Mo2N,(111)_vac2N,H,-342.6230892428462,-346.06546197822274,-6.557687608125613,-0.1635289313137167,-0.1635289313137167,MACE-MP-0_small,bridge_center,cache,True,completed,2026-05-05T17:51:41.658898,stage0,mace_small,MACE-MP-0,"1,1,1",30,0.05,basic,1,32,False
Mo2N,(111)_vacMo,H,-333.67005750765736,-337.67264757750945,-6.557687608125613,-0.7237462657892837,-0.7237462657892837,MACE-MP-0_small,bridge_center,cache,True,completed,2026-05-05T17:51:54.173599,stage0,mace_small,MACE-MP-0,"1,1,1",30,0.05,basic,1,32,False
Mo2N,(111)_vacN,H,-342.6230892428462,-346.06546197822274,-6.557687608125613,-0.1635289313137167,-0.1635289313137167,MACE-MP-0_small,bridge_center,cache,True,completed,2026-05-05T17:52:25.774031,stage0,mace_small,MACE-MP-0,"1,1,1",30,0.05,basic,1,32,False
MoB,(100),H,8298.117882978653,8288.362238643102,-6.557687608125613,-6.476800531488745,-6.476800531488745,MACE-MP-0_small,top_3,cache,True,completed,2026-05-05T17:52:38.469635,stage0,mace_small,MACE-MP-0,"1,1,1",30,0.05,basic,1,32,False
MoB,(100)_dopAg,H,8217.399779418854,8206.295157580222,-6.557687608125613,-7.825778034569932,-7.825778034569932,MACE-MP-0_small,top_3,cache,True,completed,2026-05-05T17:56:19.331606,stage0,mace_small,MACE-MP-0,"1,1,1",30,0.05,basic,1,32,False
MoB,(100)_dopAu,H,8191.202747223399,8176.620563419086,-6.557687608125613,-11.303340000250184,-11.303340000250184,MACE-MP-0_small,top_4,cache,True,completed,2026-05-05T17:58:37.793553,stage0,mace_small,MACE-MP-0,"1,1,1",30,0.05,basic,1,32,False
MoB,(100)_dopIr,H,8158.5741760557885,-5059.003039609648,-6.557687608125613,-13214.298371861374,-13214.298371861374,MACE-MP-0_small,top_1,cache,True,completed,2026-05-05T18:01:22.543751,stage0,mace_small,MACE-MP-0,"1,1,1",30,0.05,basic,1,32,False
MoB,(100)_dopNi,H,8191.305155313115,8177.011040385136,-6.557687608125613,-11.01527112391673,-11.01527112391673,MACE-MP-0_small,top_3,cache,True,completed,2026-05-05T18:04:53.469370,stage0,mace_small,MACE-MP-0,"1,1,1",30,0.05,basic,1,32,False
MoB,(100)_dopPd,H,8183.866991100716,8172.299530238346,-6.557687608125613,-8.288617058307548,-8.288617058307548,MACE-MP-0_small,top_3,cache,True,completed,2026-05-05T18:07:31.347074,stage0,mace_small,MACE-MP-0,"1,1,1",30,0.05,basic,1,32,False
MoB,(100)_dopPt,H,8208.974641662204,8193.859660762675,-6.557687608125613,-11.83613709546594,-11.83613709546594,MACE-MP-0_small,top_3,cache,True,completed,2026-05-05T18:10:50.225023,stage0,mace_small,MACE-MP-0,"1,1,1",30,0.05,basic,1,32,False
MoB,(100)_dopRu,H,8214.940307990833,8209.821689834973,-6.557687608125613,-1.839774351797725,-1.839774351797725,MACE-MP-0_small,top_2,cache,True,completed,2026-05-05T18:13:44.644068,stage0,mace_small,MACE-MP-0,"1,1,1",30,0.05,basic,1,32,False
MoB,(100)_sheet,H,33192.47153191465,33182.676687413994,-6.557687608125613,-6.5160006965922115,-6.5160006965922115,MACE-MP-0_small,top_4,cache,True,completed,2026-05-05T18:16:24.787918,stage0,mace_small,MACE-MP-0,"1,1,1",30,0.05,basic,1,32,False
MoB,(100)_vac2B,H,7988.409961253159,7981.625624229483,-6.557687608125613,-3.5054932196132103,-3.5054932196132103,MACE-MP-0_small,top_2,cache,True,completed,2026-05-05T18:23:53.257346,stage0,mace_small,MACE-MP-0,"1,1,1",30,0.05,basic,1,32,False
MoB,(100)_vac2Mo,H,8037.003518325678,8030.423694009611,-6.557687608125613,-3.3009805120042546,-3.3009805120042546,MACE-MP-0_small,top_2,cache,True,completed,2026-05-05T18:25:21.992006,stage0,mace_small,MACE-MP-0,"1,1,1",30,0.05,basic,1,32,False
MoB,(100)_vacB,H,8141.9085932286835,8126.3952971023455,-6.557687608125613,-12.234452322275185,-12.234452322275185,MACE-MP-0_small,top_3,cache,True,completed,2026-05-05T18:27:00.592589,stage0,mace_small,MACE-MP-0,"1,1,1",30,0.05,basic,1,32,False
MoB,(100)_vacMo,H,8108.992686871294,8100.827236593477,-6.557687608125613,-4.886606473753684,-4.886606473753684,MACE-MP-0_small,top_2,cache,True,completed,2026-05-05T18:29:27.577313,stage0,mace_small,MACE-MP-0,"1,1,1",30,0.05,basic,1,32,False
MoB,(110),H,8210.710835799953,8205.616190860572,-6.557687608125613,-1.81580113531859,-1.81580113531859,MACE-MP-0_small,top_1,cache,True,completed,2026-05-05T18:31:40.018013,stage0,mace_small,MACE-MP-0,"1,1,1",30,0.05,basic,1,32,False
MoB,(110)_dopAg,H,8096.765253821761,8089.022790805837,-6.557687608125613,-4.4636192118611255,-4.4636192118611255,MACE-MP-0_small,top_4,cache,True,completed,2026-05-05T18:35:04.331784,stage0,mace_small,MACE-MP-0,"1,1,1",30,0.05,basic,1,32,False
MoB,(110)_dopAu,H,8108.63229728031,8096.0848734387655,-6.557687608125613,-9.268580037481708,-9.268580037481708,MACE-MP-0_small,top_4,cache,True,completed,2026-05-05T18:37:50.755933,stage0,mace_small,MACE-MP-0,"1,1,1",30,0.05,basic,1,32,False
MoB,(110)_dopIr,H,8044.514188714678,8024.9487934998115,-6.557687608125613,-16.286551410804034,-16.286551410804034,MACE-MP-0_small,top_5,cache,True,completed,2026-05-05T18:41:17.444568,stage0,mace_small,MACE-MP-0,"1,1,1",30,0.05,basic,1,32,False
MoB,(110)_dopNi,H,8073.218627978709,8047.448918539443,-6.557687608125613,-22.490865635203274,-22.490865635203274,MACE-MP-0_small,top_1,cache,True,completed,2026-05-05T18:44:25.264967,stage0,mace_small,MACE-MP-0,"1,1,1",30,0.05,basic,1,32,False
MoB,(110)_dopPd,H,8076.849076862292,8068.200214998655,-6.557687608125613,-5.370018059574843,-5.370018059574843,MACE-MP-0_small,top_3,cache,True,completed,2026-05-05T18:47:12.355012,stage0,mace_small,MACE-MP-0,"1,1,1",30,0.05,basic,1,32,False
MoB,(110)_dopPt,H,8111.427505985385,8100.027172999631,-6.557687608125613,-8.12148918169137,-8.12148918169137,MACE-MP-0_small,top_3,cache,True,completed,2026-05-05T18:50:22.287660,stage0,mace_small,MACE-MP-0,"1,1,1",30,0.05,basic,1,32,False
MoB,(110)_dopRu,H,8120.604661443165,8111.3146791705185,-6.557687608125613,-6.011138468583933,-6.011138468583933,MACE-MP-0_small,top_2,cache,True,completed,2026-05-05T18:53:14.853198,stage0,mace_small,MACE-MP-0,"1,1,1",30,0.05,basic,1,32,False
MoB,(110)_sheet,H,32842.84334319946,32837.7500872845,-6.557687608125613,-1.8144121109031874,-1.8144121109031874,MACE-MP-0_small,top_2,cache,True,completed,2026-05-05T18:56:16.224939,stage0,mace_small,MACE-MP-0,"1,1,1",30,0.05,basic,1,32,False
MoB,(110)_vac2B,H,7844.040594488739,7835.761938732222,-6.557687608125613,-4.999811952454049,-4.999811952454049,MACE-MP-0_small,top_1,cache,True,completed,2026-05-05T19:07:23.197050,stage0,mace_small,MACE-MP-0,"1,1,1",30,0.05,basic,1,32,False
MoB,(110)_vac2Mo,H,7883.294815137989,7876.626453228075,-6.557687608125613,-3.389518105851177,-3.389518105851177,MACE-MP-0_small,top_1,cache,True,completed,2026-05-05T19:10:27.399661,stage0,mace_small,MACE-MP-0,"1,1,1",30,0.05,basic,1,32,False
MoB,(110)_vacB,H,8037.0741439174435,8018.923867597915,-6.557687608125613,-14.871432515465724,-14.871432515465724,MACE-MP-0_small,top_3,cache,True,completed,2026-05-05T19:13:01.557480,stage0,mace_small,MACE-MP-0,"1,1,1",30,0.05,basic,1,32,False
MoB,(110)_vacMo,H,7990.86399176862,7982.526605255152,-6.557687608125613,-5.058542709404403,-5.058542709404403,MACE-MP-0_small,top_1,cache,True,completed,2026-05-05T19:15:42.965765,stage0,mace_small,MACE-MP-0,"1,1,1",30,0.05,basic,1,32,False
MoB,(111),H,8192.373805542698,8187.751217479678,-6.557687608125613,-1.343744258957169,-1.343744258957169,MACE-MP-0_small,top_1,cache,True,completed,2026-05-05T19:18:18.538243,stage0,mace_small,MACE-MP-0,"1,1,1",30,0.05,basic,1,32,False
MoB,(111)_dopAg,H,8204.973960163783,8199.993306501476,-6.557687608125613,-1.701809858244498,-1.701809858244498,MACE-MP-0_small,top_1,cache,True,completed,2026-05-05T19:21:11.055813,stage0,mace_small,MACE-MP-0,"1,1,1",30,0.05,basic,1,32,False
MoB,(111)_dopAu,H,8215.206151505183,8209.254073170403,-6.557687608125613,-2.6732345307169925,-2.6732345307169925,MACE-MP-0_small,top_1,cache,True,completed,2026-05-05T19:24:18.804528,stage0,mace_small,MACE-MP-0,"1,1,1",30,0.05,basic,1,32,False
MoB,(111)_dopIr,H,8209.940252550561,8201.352807225881,-6.557687608125613,-5.308601520616914,-5.308601520616914,MACE-MP-0_small,top_1,cache,True,completed,2026-05-05T19:27:38.309395,stage0,mace_small,MACE-MP-0,"1,1,1",30,0.05,basic,1,32,False
MoB,(111)_dopNi,H,8194.588319900551,8189.107977924317,-6.557687608125613,-2.2014981721710245,-2.2014981721710245,MACE-MP-0_small,top_1,cache,True,completed,2026-05-05T19:31:13.847259,stage0,mace_small,MACE-MP-0,"1,1,1",30,0.05,basic,1,32,False
MoB,(111)_dopPd,H,8207.161328377906,8196.88479261241,-6.557687608125613,-6.997691961432476,-6.997691961432476,MACE-MP-0_small,top_1,cache,True,completed,2026-05-05T19:33:59.917318,stage0,mace_small,MACE-MP-0,"1,1,1",30,0.05,basic,1,32,False
MoB,(111)_dopPt,H,8209.337344081458,8203.295357357234,-6.557687608125613,-2.763142920160728,-2.763142920160728,MACE-MP-0_small,top_1,cache,True,completed,2026-05-05T19:37:56.164622,stage0,mace_small,MACE-MP-0,"1,1,1",30,0.05,basic,1,32,False
MoB,(111)_dopRu,H,8193.395246457523,8187.416448335882,-6.557687608125613,-2.699954317578569,-2.699954317578569,MACE-MP-0_small,top_1,cache,True,completed,2026-05-05T19:41:02.886416,stage0,mace_small,MACE-MP-0,"1,1,1",30,0.05,basic,1,32,False
MoB,(111)_sheet,H,32769.49522217105,32764.872403870737,-6.557687608125613,-1.343974496248531,-1.343974496248531,MACE-MP-0_small,top_2,cache,True,completed,2026-05-05T19:44:00.992713,stage0,mace_small,MACE-MP-0,"1,1,1",30,0.05,basic,1,32,False
MoB,(111)_vac2B,H,7991.342520962147,7986.38259599586,-6.557687608125613,-1.6810811622241562,-1.6810811622241562,MACE-MP-0_small,top_2,cache,True,completed,2026-05-05T19:53:05.467319,stage0,mace_small,MACE-MP-0,"1,1,1",30,0.05,basic,1,32,False
MoB,(111)_vac2Mo,H,8196.177859780113,8189.943839925409,-6.557687608125613,-2.9551760506416502,-2.9551760506416502,MACE-MP-0_small,top_3,cache,True,completed,2026-05-05T19:56:08.008119,stage0,mace_small,MACE-MP-0,"1,1,1",30,0.05,basic,1,32,False
MoB,(111)_vacB,H,8012.328292934044,8006.795205102085,-6.557687608125613,-2.2542440278963585,-2.2542440278963585,MACE-MP-0_small,top_4,cache,True,completed,2026-05-05T19:59:24.234523,stage0,mace_small,MACE-MP-0,"1,1,1",30,0.05,basic,1,32,False
MoB,(111)_vacMo,H,8194.179563825988,8188.023675526523,-6.557687608125613,-2.8770444954021985,-2.8770444954021985,MACE-MP-0_small,top_5,cache,True,completed,2026-05-05T20:01:58.177776,stage0,mace_small,MACE-MP-0,"1,1,1",30,0.05,basic,1,32,False
MoB,edge_B_large,H,9820.219002292562,9819.324649365815,-6.557687608125613,2.384490877315646,2.384490877315646,MACE-MP-0_small,top_2,cache,True,completed,2026-05-05T20:04:59.593002,stage0,mace_small,MACE-MP-0,"1,1,1",30,0.05,basic,1,32,False
MoB,edge_Mo,H,4255.119618237329,4254.226334014656,-6.557687608125613,2.3855595813896326,2.3855595813896326,MACE-MP-0_small,top_2,cache,True,completed,2026-05-05T20:07:09.321876,stage0,mace_small,MACE-MP-0,"1,1,1",30,0.05,basic,1,32,False
MoB,edge_Mo_large,H,10952.088123308113,10951.194480773636,-6.557687608125613,2.3852012695864215,2.3852012695864215,MACE-MP-0_small,top_5,cache,True,completed,2026-05-05T20:08:14.164414,stage0,mace_small,MACE-MP-0,"1,1,1",30,0.05,basic,1,32,False
MoP,(100),H,-244.6783253311855,-248.54529778231486,-6.557687608125613,-0.5881286470665503,-0.5881286470665503,MACE-MP-0_small,top_1,cache,True,completed,2026-05-05T20:10:31.719971,stage0,mace_small,MACE-MP-0,"1,1,1",30,0.05,basic,1,32,False
MoP,(110),H,-243.88248282221008,-247.6906919559341,-6.557687608125613,-0.529365329661228,-0.529365329661228,MACE-MP-0_small,top_1,cache,True,completed,2026-05-05T20:10:41.524154,stage0,mace_small,MACE-MP-0,"1,1,1",30,0.05,basic,1,32,False
MoP,(111),H,-237.4403988311134,-241.1990836367975,-6.557687608125613,-0.4798410016212773,-0.4798410016212773,MACE-MP-0_small,bridge_center,cache,True,completed,2026-05-05T20:10:49.192546,stage0,mace_small,MACE-MP-0,"1,1,1",30,0.05,basic,1,32,False
MoS2,(100)_sheet,H,-1258.597676936728,-1262.6509006462516,-6.557687608125613,-0.7743799054607297,-0.7743799054607297,MACE-MP-0_small,top_1,cache,True,completed,2026-05-05T20:10:59.694133,stage0,mace_small,MACE-MP-0,"1,1,1",30,0.05,basic,1,32,False
MoS2,(100)_vac2S,H,-306.1643653261009,-310.626449275467,-6.557687608125613,-1.1832401453032975,-1.1832401453032975,MACE-MP-0_small,bridge_center,cache,True,completed,2026-05-05T20:12:51.500156,stage0,mace_small,MACE-MP-0,"1,1,1",30,0.05,basic,1,32,False
MoS2,(100)_vacS,H,-310.1719891276466,-314.6340730770127,-6.557687608125613,-1.1832401453032975,-1.1832401453032975,MACE-MP-0_small,bridge_center,cache,True,completed,2026-05-05T20:13:06.498344,stage0,mace_small,MACE-MP-0,"1,1,1",30,0.05,basic,1,32,False
MoS2,(110),H,-307.9114665820676,-311.45127670400825,-6.557687608125613,-0.26096631787785496,-0.26096631787785496,MACE-MP-0_small,top_5,cache,True,completed,2026-05-05T20:13:32.785534,stage0,mace_small,MACE-MP-0,"1,1,1",30,0.05,basic,1,32,False
MoS2,(110)_sheet,H,-1231.6458663282704,-1235.1856792937049,-6.557687608125613,-0.2609691613717149,-0.2609691613717149,MACE-MP-0_small,top_5,cache,True,completed,2026-05-05T20:13:56.541732,stage0,mace_small,MACE-MP-0,"1,1,1",30,0.05,basic,1,32,False
MoS2,(110)_vac2S,H,-296.86437424953175,-300.5837068951941,-6.557687608125613,-0.4404888415995418,-0.4404888415995418,MACE-MP-0_small,top_6,cache,True,completed,2026-05-05T20:15:23.842442,stage0,mace_small,MACE-MP-0,"1,1,1",30,0.05,basic,1,32,False
MoS2,(110)_vacS,H,-302.38792041579967,-305.9432699442291,-6.557687608125613,-0.2765057243666109,-0.2765057243666109,MACE-MP-0_small,top_6,cache,True,completed,2026-05-05T20:16:02.983034,stage0,mace_small,MACE-MP-0,"1,1,1",30,0.05,basic,1,32,False
MoS2,(111),H,-307.91146658206753,-311.4484012366042,-6.557687608125613,-0.25809085047384484,-0.25809085047384484,MACE-MP-0_small,top_1,cache,True,completed,2026-05-05T20:16:23.566082,stage0,mace_small,MACE-MP-0,"1,1,1",30,0.05,basic,1,32,False
MoS2,(111)_sheet,H,-1231.6458663282701,-1235.1828039715424,-6.557687608125613,-0.25809383920946116,-0.25809383920946116,MACE-MP-0_small,top_2,cache,True,completed,2026-05-05T20:16:43.107306,stage0,mace_small,MACE-MP-0,"1,1,1",30,0.05,basic,1,32,False
MoS2,(111)_vac2S,H,-296.8643742495317,-300.42254233106615,-6.557687608125613,-0.2793242774716549,-0.2793242774716549,MACE-MP-0_small,top_5,cache,True,completed,2026-05-05T20:18:02.772153,stage0,mace_small,MACE-MP-0,"1,1,1",30,0.05,basic,1,32,False
MoS2,(111)_vacS,H,-302.3879204157996,-305.9403485343844,-6.557687608125613,-0.27358431452196497,-0.27358431452196497,MACE-MP-0_small,top_1,cache,True,completed,2026-05-05T20:18:35.413758,stage0,mace_small,MACE-MP-0,"1,1,1",30,0.05,basic,1,32,False
MoS2,edge_Mo_large,H,-597.1206295252343,-600.1140709013222,-6.557687608125613,0.28540242797496207,0.28540242797496207,MACE-MP-0_small,top_4,cache,True,completed,2026-05-05T20:18:57.611891,stage0,mace_small,MACE-MP-0,"1,1,1",30,0.05,basic,1,32,False
MoS2,edge_S_large,H,-597.1314694578512,-600.1249189670388,-6.557687608125613,0.2853942948752075,0.2853942948752075,MACE-MP-0_small,top_4,cache,True,completed,2026-05-05T20:19:08.954633,stage0,mace_small,MACE-MP-0,"1,1,1",30,0.05,basic,1,32,False
MoSe2,(100),H,-288.4079354186214,-292.13569626584496,-6.557687608125613,-0.4489170431607721,-0.4489170431607721,MACE-MP-0_small,bridge_center,cache,True,completed,2026-05-05T20:19:20.428257,stage0,mace_small,MACE-MP-0,"1,1,1",30,0.05,basic,1,32,False
MoSe2,(100)_sheet,H,-1153.6317416744876,-1157.086794149092,-6.557687608125613,-0.17620867054156575,-0.17620867054156575,MACE-MP-0_small,top_1,cache,True,completed,2026-05-05T20:19:44.500677,stage0,mace_small,MACE-MP-0,"1,1,1",30,0.05,basic,1,32,False
MoSe2,(100)_vac2Se,H,-280.69203694097934,-284.4197977882029,-6.557687608125613,-0.4489170431607721,-0.4489170431607721,MACE-MP-0_small,bridge_center,cache,True,completed,2026-05-05T20:21:49.234540,stage0,mace_small,MACE-MP-0,"1,1,1",30,0.05,basic,1,32,False
MoSe2,(100)_vacSe,H,-284.1710989799011,-287.9951504406594,-6.557687608125613,-0.545207656695506,-0.545207656695506,MACE-MP-0_small,top_3,cache,True,completed,2026-05-05T20:22:03.976388,stage0,mace_small,MACE-MP-0,"1,1,1",30,0.05,basic,1,32,False
MoSe2,(110),H,-281.8508907045081,-285.2721154531212,-6.557687608125613,-0.14238094455029282,-0.14238094455029282,MACE-MP-0_small,top_5,cache,True,completed,2026-05-05T20:22:31.802307,stage0,mace_small,MACE-MP-0,"1,1,1",30,0.05,basic,1,32,False
MoSe2,(110)_sheet,H,-1127.4035628180345,-1130.824787263543,-6.557687608125613,-0.14238064144560836,-0.14238064144560836,MACE-MP-0_small,top_5,cache,True,completed,2026-05-05T20:23:05.799222,stage0,mace_small,MACE-MP-0,"1,1,1",30,0.05,basic,1,32,False
MoSe2,(110)_vac2Se,H,-271.80026760926785,-275.2279116236246,-6.557687608125613,-0.14880021029395207,-0.14880021029395207,MACE-MP-0_small,top_3,cache,True,completed,2026-05-05T20:25:19.279514,stage0,mace_small,MACE-MP-0,"1,1,1",30,0.05,basic,1,32,False
MoSe2,(110)_vacSe,H,-276.825579156888,-280.25322317124477,-6.557687608125613,-0.14880021029395207,-0.14880021029395207,MACE-MP-0_small,top_6,cache,True,completed,2026-05-05T20:25:41.835916,stage0,mace_small,MACE-MP-0,"1,1,1",30,0.05,basic,1,32,False
MoSe2,(111),H,-281.8508907045081,-285.27077829579326,-6.557687608125613,-0.14104378722234,-0.14104378722234,MACE-MP-0_small,top_1,cache,True,completed,2026-05-05T20:26:09.584668,stage0,mace_small,MACE-MP-0,"1,1,1",30,0.05,basic,1,32,False
MoSe2,(111)_sheet,H,-1127.4035628180347,-1130.8234500765504,-6.557687608125613,-0.14104345445289423,-0.14104345445289423,MACE-MP-0_small,top_2,cache,True,completed,2026-05-05T20:26:30.153574,stage0,mace_small,MACE-MP-0,"1,1,1",30,0.05,basic,1,32,False
MoSe2,(111)_vac2Se,H,-271.80026760926785,-275.2369567427421,-6.557687608125613,-0.15784532941145413,-0.15784532941145413,MACE-MP-0_small,top_2,cache,True,completed,2026-05-05T20:27:59.484855,stage0,mace_small,MACE-MP-0,"1,1,1",30,0.05,basic,1,32,False
MoSe2,(111)_vacSe,H,-276.82557915688795,-280.2622682903623,-6.557687608125613,-0.15784532941151097,-0.15784532941151097,MACE-MP-0_small,top_3,cache,True,completed,2026-05-05T20:28:27.589447,stage0,mace_small,MACE-MP-0,"1,1,1",30,0.05,basic,1,32,False
MoSe2,edge_Mo,H,-209.25198738910956,-211.84766854180052,-6.557687608125613,0.6831626513718487,0.6831626513718487,MACE-MP-0_small,top_4,cache,True,completed,2026-05-05T20:28:55.735016,stage0,mace_small,MACE-MP-0,"1,1,1",30,0.05,basic,1,32,False
MoSe2,edge_Mo_large,H,-547.2802264648882,-549.8750464841996,-6.557687608125613,0.6840237847513646,0.6840237847513646,MACE-MP-0_small,top_3,cache,True,completed,2026-05-05T20:29:03.613772,stage0,mace_small,MACE-MP-0,"1,1,1",30,0.05,basic,1,32,False
MoSe2,edge_Se,H,-209.74005521261464,-212.33482833481634,-6.557687608125613,0.6840706818611051,0.6840706818611051,MACE-MP-0_small,top_4,cache,True,completed,2026-05-05T20:29:19.271938,stage0,mace_small,MACE-MP-0,"1,1,1",30,0.05,basic,1,32,False
MoSe2,edge_Se_large,H,-547.8064046099607,-550.4012912838826,-6.557687608125613,0.6839571301409006,0.6839571301409006,MACE-MP-0_small,top_6,cache,True,completed,2026-05-05T20:29:27.394130,stage0,mace_small,MACE-MP-0,"1,1,1",30,0.05,basic,1,32,False
Ni2,on_graphene,H,-296.6012453854363,-301.7842786515793,-6.557687608125613,-1.9041894620802071,-1.9041894620802071,MACE-MP-0_small,bridge_center,cache,True,completed,2026-05-05T20:29:45.134608,stage0,mace_small,MACE-MP-0,"1,1,1",30,0.05,basic,1,32,False
Ni2,on_graphene_N_doped,H,-295.91703577906264,-300.78441487491483,-6.557687608125613,-1.58853529178938,-1.58853529178938,MACE-MP-0_small,top_2,cache,True,completed,2026-05-05T20:30:06.078330,stage0,mace_small,MACE-MP-0,"1,1,1",30,0.05,basic,1,32,False
Ni4,on_graphene,H,-301.1657762650115,-306.06537734033276,-6.557687608125613,-1.6207572712584368,-1.6207572712584368,MACE-MP-0_small,top_3,cache,True,completed,2026-05-05T20:30:23.171003,stage0,mace_small,MACE-MP-0,"1,1,1",30,0.05,basic,1,32,False
Ni4,on_graphene_N_doped,H,-299.5615218716461,-304.4178533687509,-6.557687608125613,-1.577487693041998,-1.577487693041998,MACE-MP-0_small,top_4,cache,True,completed,2026-05-05T20:31:07.557227,stage0,mace_small,MACE-MP-0,"1,1,1",30,0.05,basic,1,32,False
Ni4,on_nanoribbon,H,-323.86397953119024,-328.8342064125777,-6.557687608125613,-1.691383077324669,-1.691383077324669,MACE-MP-0_small,top_1,cache,True,completed,2026-05-05T20:31:27.207722,stage0,mace_small,MACE-MP-0,"1,1,1",30,0.05,basic,1,32,False
Ni,Mo2C_interface_(100),H,1330.7791633132797,1318.4041881930525,-6.557687608125613,-9.096131316164385,-9.096131316164385,MACE-MP-0_small,top_6,cache,True,completed,2026-05-05T20:32:07.622351,stage0,mace_small,MACE-MP-0,"1,1,1",30,0.05,basic,1,32,False
Ni,Mo2C_interface_(100)_cluster2Ag,H,1334.1958714990083,1327.8419777127813,-6.557687608125613,-3.075049982164184,-3.075049982164184,MACE-MP-0_small,top_1,cache,True,completed,2026-05-05T20:33:17.823694,stage0,mace_small,MACE-MP-0,"1,1,1",30,0.05,basic,1,32,False
Ni,Mo2C_interface_(100)_cluster2Au,H,1369.055152807404,1362.9360302648909,-6.557687608125613,-2.84027873845039,-2.84027873845039,MACE-MP-0_small,bridge_center,cache,True,completed,2026-05-05T20:33:59.010049,stage0,mace_small,MACE-MP-0,"1,1,1",30,0.05,basic,1,32,False
Ni,Mo2C_interface_(100)_cluster2Ir,H,1330.8665639878536,1325.882296813349,-6.557687608125613,-1.70542337044176,-1.70542337044176,MACE-MP-0_small,bridge_center,cache,True,completed,2026-05-05T20:34:26.740851,stage0,mace_small,MACE-MP-0,"1,1,1",30,0.05,basic,1,32,False
Ni,Mo2C_interface_(100)_cluster2Pd,H,1347.5929819052903,1341.3687942582753,-6.557687608125613,-2.9453438429522083,-2.9453438429522083,MACE-MP-0_small,bridge_center,cache,True,completed,2026-05-05T20:35:16.249455,stage0,mace_small,MACE-MP-0,"1,1,1",30,0.05,basic,1,32,False
Ni,Mo2C_interface_(100)_cluster2Pt,H,1349.261079171052,1344.0468571165345,-6.557687608125613,-1.9353782504546433,-1.9353782504546433,MACE-MP-0_small,top_1,cache,True,completed,2026-05-05T20:35:50.505318,stage0,mace_small,MACE-MP-0,"1,1,1",30,0.05,basic,1,32,False
Ni,Mo2C_interface_(100)_cluster4Ag,H,1339.6918659891076,1332.5087479223914,-6.557687608125613,-3.904274262653327,-3.904274262653327,MACE-MP-0_small,top_2,cache,True,completed,2026-05-05T20:36:21.890282,stage0,mace_small,MACE-MP-0,"1,1,1",30,0.05,basic,1,32,False
Ni,Mo2C_interface_(100)_cluster4Au,H,1411.4778005656467,1404.82859598782,-6.557687608125613,-3.3703607737637884,-3.3703607737637884,MACE-MP-0_small,top_2,cache,True,completed,2026-05-05T20:37:55.382583,stage0,mace_small,MACE-MP-0,"1,1,1",30,0.05,basic,1,32,False
Ni,Mo2C_interface_(100)_cluster4Ir,H,1336.3202321255003,1327.4835576752926,-6.557687608125613,-5.557830646144932,-5.557830646144932,MACE-MP-0_small,top_2,cache,True,completed,2026-05-05T20:39:28.567645,stage0,mace_small,MACE-MP-0,"1,1,1",30,0.05,basic,1,32,False
Ni,Mo2C_interface_(100)_cluster4Pd,H,1370.0461704194463,1363.3762664497115,-6.557687608125613,-3.3910601656720263,-3.3910601656720263,MACE-MP-0_small,top_centroid,cache,True,completed,2026-05-05T20:40:56.844853,stage0,mace_small,MACE-MP-0,"1,1,1",30,0.05,basic,1,32,False
Ni,Mo2C_interface_(100)_cluster4Pt,H,1378.8603162402,1372.2779949000337,-6.557687608125613,-3.303477536103539,-3.303477536103539,MACE-MP-0_small,top_4,cache,True,completed,2026-05-05T20:42:34.106513,stage0,mace_small,MACE-MP-0,"1,1,1",30,0.05,basic,1,32,False
Ni,Mo2C_interface_(100)_dopAg,H,1330.7791633132797,1318.4041881930525,-6.557687608125613,-9.096131316164385,-9.096131316164385,MACE-MP-0_small,top_6,cache,True,completed,2026-05-05T20:44:19.700573,stage0,mace_small,MACE-MP-0,"1,1,1",30,0.05,basic,1,32,False
Ni,Mo2C_interface_(100)_dopAu,H,1330.7791633132797,1318.4041881930525,-6.557687608125613,-9.096131316164385,-9.096131316164385,MACE-MP-0_small,top_6,cache,True,completed,2026-05-05T20:45:32.492498,stage0,mace_small,MACE-MP-0,"1,1,1",30,0.05,basic,1,32,False
Ni,Mo2C_interface_(100)_dopIr,H,1330.7791633132797,1318.4041881930525,-6.557687608125613,-9.096131316164385,-9.096131316164385,MACE-MP-0_small,top_6,cache,True,completed,2026-05-05T20:46:42.826875,stage0,mace_small,MACE-MP-0,"1,1,1",30,0.05,basic,1,32,False
Ni,Mo2C_interface_(100)_dopNi,H,1330.7791633132797,1318.4041881930525,-6.557687608125613,-9.096131316164385,-9.096131316164385,MACE-MP-0_small,top_6,cache,True,completed,2026-05-05T20:47:51.314285,stage0,mace_small,MACE-MP-0,"1,1,1",30,0.05,basic,1,32,False
Ni,Mo2C_interface_(100)_dopPd,H,1330.7791633132797,1318.4041881930525,-6.557687608125613,-9.096131316164385,-9.096131316164385,MACE-MP-0_small,top_6,cache,True,completed,2026-05-05T20:49:01.664011,stage0,mace_small,MACE-MP-0,"1,1,1",30,0.05,basic,1,32,False
Ni,Mo2C_interface_(100)_dopPt,H,1330.7791633132797,1318.4041881930525,-6.557687608125613,-9.096131316164385,-9.096131316164385,MACE-MP-0_small,top_6,cache,True,completed,2026-05-05T20:50:13.551709,stage0,mace_small,MACE-MP-0,"1,1,1",30,0.05,basic,1,32,False
Ni,Mo2C_interface_(100)_dopRu,H,1330.7791633132797,1318.4041881930525,-6.557687608125613,-9.096131316164385,-9.096131316164385,MACE-MP-0_small,top_6,cache,True,completed,2026-05-05T20:51:25.080549,stage0,mace_small,MACE-MP-0,"1,1,1",30,0.05,basic,1,32,False
Ni,Mo2C_interface_(111),H,4626085440.073259,4511852126.000077,-6.557687608125613,-114233310.7943383,-114233310.7943383,MACE-MP-0_small,bridge_center,cache,True,completed,2026-05-05T20:52:34.913549,stage0,mace_small,MACE-MP-0,"1,1,1",30,0.05,basic,1,32,False
Ni,Mo2C_interface_(111)_cluster2Ag,H,4626543624.891831,4626441646.082515,-6.557687608125613,-101975.53047283107,-101975.53047283107,MACE-MP-0_small,top_2,cache,True,completed,2026-05-05T20:53:42.097609,stage0,mace_small,MACE-MP-0,"1,1,1",30,0.05,basic,1,32,False
Ni,Mo2C_interface_(111)_cluster2Au,H,4619704847.627962,4618961001.707855,-6.557687608125613,-743842.6412630838,-743842.6412630838,MACE-MP-0_small,top_1,cache,True,completed,2026-05-05T20:54:36.802094,stage0,mace_small,MACE-MP-0,"1,1,1",30,0.05,basic,1,32,False
Ni,Mo2C_interface_(111)_cluster2Ir,H,4626706011.004716,4626599903.759741,-6.557687608125613,-106103.96613128597,-106103.96613128597,MACE-MP-0_small,top_2,cache,True,completed,2026-05-05T20:55:44.831863,stage0,mace_small,MACE-MP-0,"1,1,1",30,0.05,basic,1,32,False
Ni,Mo2C_interface_(111)_cluster2Pd,H,4620414880.300325,4620118975.032155,-6.557687608125613,-295901.98932655266,-295901.98932655266,MACE-MP-0_small,top_2,cache,True,completed,2026-05-05T20:56:31.046263,stage0,mace_small,MACE-MP-0,"1,1,1",30,0.05,basic,1,32,False
Ni,Mo2C_interface_(111)_cluster2Pt,H,4616307082.468863,4616306559.813837,-6.557687608125613,-519.3761816781149,-519.3761816781149,MACE-MP-0_small,top_2,cache,True,completed,2026-05-05T20:57:41.362443,stage0,mace_small,MACE-MP-0,"1,1,1",30,0.05,basic,1,32,False
Ni,Mo2C_interface_(111)_cluster4Ag,H,4630410586.160225,4629712674.231568,-6.557687608125613,-697908.649812774,-697908.649812774,MACE-MP-0_small,top_centroid,cache,True,completed,2026-05-05T20:58:53.642300,stage0,mace_small,MACE-MP-0,"1,1,1",30,0.05,basic,1,32,False
Ni,Mo2C_interface_(111)_cluster4Au,H,4625923453.716944,4625337304.559616,-6.557687608125613,-586145.878483848,-586145.878483848,MACE-MP-0_small,top_4,cache,True,completed,2026-05-05T21:01:02.577886,stage0,mace_small,MACE-MP-0,"1,1,1",30,0.05,basic,1,32,False
Ni,Mo2C_interface_(111)_cluster4Ir,H,4639962231.742044,4613790899.977392,-6.557687608125613,-26171328.485808447,-26171328.485808447,MACE-MP-0_small,top_3,cache,True,completed,2026-05-05T21:03:07.302649,stage0,mace_small,MACE-MP-0,"1,1,1",30,0.05,basic,1,32,False
Ni,Mo2C_interface_(111)_cluster4Pd,H,4625854816.872569,4623324405.203653,-6.557687608125613,-2530408.3900719443,-2530408.3900719443,MACE-MP-0_small,top_2,cache,True,completed,2026-05-05T21:05:06.649582,stage0,mace_small,MACE-MP-0,"1,1,1",30,0.05,basic,1,32,False
Ni,Mo2C_interface_(111)_cluster4Pt,H,4623244405.789798,4622559853.827331,-6.557687608125613,-684548.6836233896,-684548.6836233896,MACE-MP-0_small,top_3,cache,True,completed,2026-05-05T21:07:23.378609,stage0,mace_small,MACE-MP-0,"1,1,1",30,0.05,basic,1,32,False
Ni,Mo2C_interface_(111)_dopAg,H,4626085440.073259,4511852126.000077,-6.557687608125613,-114233310.7943383,-114233310.7943383,MACE-MP-0_small,bridge_center,cache,True,completed,2026-05-05T21:09:45.315957,stage0,mace_small,MACE-MP-0,"1,1,1",30,0.05,basic,1,32,False
Ni,Mo2C_interface_(111)_dopAu,H,4626085440.073259,4511852126.000077,-6.557687608125613,-114233310.7943383,-114233310.7943383,MACE-MP-0_small,bridge_center,cache,True,completed,2026-05-05T21:10:54.410541,stage0,mace_small,MACE-MP-0,"1,1,1",30,0.05,basic,1,32,False
Ni,Mo2C_interface_(111)_dopIr,H,4626085440.073259,4511852126.000077,-6.557687608125613,-114233310.7943383,-114233310.7943383,MACE-MP-0_small,bridge_center,cache,True,completed,2026-05-05T21:12:00.480808,stage0,mace_small,MACE-MP-0,"1,1,1",30,0.05,basic,1,32,False
Ni,Mo2C_interface_(111)_dopNi,H,4626085440.073259,4511852126.000077,-6.557687608125613,-114233310.7943383,-114233310.7943383,MACE-MP-0_small,bridge_center,cache,True,completed,2026-05-05T21:13:09.009031,stage0,mace_small,MACE-MP-0,"1,1,1",30,0.05,basic,1,32,False
Ni,Mo2C_interface_(111)_dopPd,H,4626085440.073259,4511852126.000077,-6.557687608125613,-114233310.7943383,-114233310.7943383,MACE-MP-0_small,bridge_center,cache,True,completed,2026-05-05T21:14:17.997292,stage0,mace_small,MACE-MP-0,"1,1,1",30,0.05,basic,1,32,False
Ni,Mo2C_interface_(111)_dopPt,H,4626085440.073259,4511852126.000077,-6.557687608125613,-114233310.7943383,-114233310.7943383,MACE-MP-0_small,bridge_center,cache,True,completed,2026-05-05T21:15:26.828827,stage0,mace_small,MACE-MP-0,"1,1,1",30,0.05,basic,1,32,False
Ni,Mo2C_interface_(111)_dopRu,H,4626085440.073259,4511852126.000077,-6.557687608125613,-114233310.7943383,-114233310.7943383,MACE-MP-0_small,bridge_center,cache,True,completed,2026-05-05T21:16:32.499685,stage0,mace_small,MACE-MP-0,"1,1,1",30,0.05,basic,1,32,False
Ni,Mo2N_interface_(100),H,-311.38524777906184,-315.3497202594472,-6.557687608125613,-0.6856286763225756,-0.6856286763225756,MACE-MP-0_small,top_2,cache,True,completed,2026-05-05T21:17:40.419199,stage0,mace_small,MACE-MP-0,"1,1,1",30,0.05,basic,1,32,False
Ni,Mo2N_interface_(100)_cluster2Ag,H,-312.97725165094874,-316.692051814087,-6.557687608125613,-0.4359563590754436,-0.4359563590754436,MACE-MP-0_small,bridge_center,cache,True,completed,2026-05-05T21:18:44.456875,stage0,mace_small,MACE-MP-0,"1,1,1",30,0.05,basic,1,32,False
Ni,Mo2N_interface_(100)_cluster2Au,H,-313.32842824200134,-317.40632463057614,-6.557687608125613,-0.7990525845119936,-0.7990525845119936,MACE-MP-0_small,top_1,cache,True,completed,2026-05-05T21:19:16.517569,stage0,mace_small,MACE-MP-0,"1,1,1",30,0.05,basic,1,32,False
Ni,Mo2N_interface_(100)_cluster2Ir,H,-323.8947102450402,-328.76117886361624,-6.557687608125613,-1.5876248145132439,-1.5876248145132439,MACE-MP-0_small,bridge_center,cache,True,completed,2026-05-05T21:19:51.779474,stage0,mace_small,MACE-MP-0,"1,1,1",30,0.05,basic,1,32,False
Ni,Mo2N_interface_(100)_cluster2Ni,H,-297.03812410575654,-301.27763350890694,-6.557687608125613,-0.960665599087601,-0.960665599087601,MACE-MP-0_small,top_1,cache,True,completed,2026-05-05T21:20:24.692326,stage0,mace_small,MACE-MP-0,"1,1,1",30,0.05,basic,1,32,False
Ni,Mo2N_interface_(100)_cluster2Pd,H,-317.91150722610894,-322.0704564780194,-6.557687608125613,-0.8801054478476789,-0.8801054478476789,MACE-MP-0_small,bridge_center,cache,True,completed,2026-05-05T21:20:49.891551,stage0,mace_small,MACE-MP-0,"1,1,1",30,0.05,basic,1,32,False
Ni,Mo2N_interface_(100)_cluster2Pt,H,-318.83446013472235,-323.1522640667891,-6.557687608125613,-1.0389601280039318,-1.0389601280039318,MACE-MP-0_small,top_2,cache,True,completed,2026-05-05T21:21:29.017177,stage0,mace_small,MACE-MP-0,"1,1,1",30,0.05,basic,1,32,False
Ni,Mo2N_interface_(100)_cluster2Ru,H,-303.26533620690464,-308.1798267348944,-6.557687608125613,-1.6356467239269494,-1.6356467239269494,MACE-MP-0_small,top_2,cache,True,completed,2026-05-05T21:21:51.846658,stage0,mace_small,MACE-MP-0,"1,1,1",30,0.05,basic,1,32,False
Ni,Mo2N_interface_(100)_cluster4Ag,H,-311.611647246712,-315.4252556808511,-6.557687608125613,-0.534764630076292,-0.534764630076292,MACE-MP-0_small,top_centroid,cache,True,completed,2026-05-05T21:22:14.947583,stage0,mace_small,MACE-MP-0,"1,1,1",30,0.05,basic,1,32,False
Ni,Mo2N_interface_(100)_cluster4Au,H,-310.0637712431289,-314.84421377364805,-6.557687608125613,-1.5015987264563608,-1.5015987264563608,MACE-MP-0_small,top_3,cache,True,completed,2026-05-05T21:23:17.868930,stage0,mace_small,MACE-MP-0,"1,1,1",30,0.05,basic,1,32,False
Ni,Mo2N_interface_(100)_cluster4Ir,H,-332.5421967560938,-337.5649124125908,-6.557687608125613,-1.7438718524341783,-1.7438718524341783,MACE-MP-0_small,bridge_center,cache,True,completed,2026-05-05T21:24:23.922044,stage0,mace_small,MACE-MP-0,"1,1,1",30,0.05,basic,1,32,False
Ni,Mo2N_interface_(100)_cluster4Ni,H,-304.83939902782953,-309.80786806708215,-6.557687608125613,-1.6896252351898187,-1.6896252351898187,MACE-MP-0_small,top_1,cache,True,completed,2026-05-05T21:25:19.019341,stage0,mace_small,MACE-MP-0,"1,1,1",30,0.05,basic,1,32,False
Ni,Mo2N_interface_(100)_cluster4Pd,H,-321.42704505278715,-325.70836906234,-6.557687608125613,-1.002480205490055,-1.002480205490055,MACE-MP-0_small,bridge_center,cache,True,completed,2026-05-05T21:26:17.935063,stage0,mace_small,MACE-MP-0,"1,1,1",30,0.05,basic,1,32,False
Ni,Mo2N_interface_(100)_cluster4Pt,H,-323.38019360251815,-327.7648415495842,-6.557687608125613,-1.1058041430032648,-1.1058041430032648,MACE-MP-0_small,top_1,cache,True,completed,2026-05-05T21:27:16.606015,stage0,mace_small,MACE-MP-0,"1,1,1",30,0.05,basic,1,32,False
Ni,Mo2N_interface_(100)_cluster4Ru,H,-317.8573788302088,-323.8572095861055,-6.557687608125613,-2.7209869518339036,-2.7209869518339036,MACE-MP-0_small,top_centroid,cache,True,completed,2026-05-05T21:28:18.826551,stage0,mace_small,MACE-MP-0,"1,1,1",30,0.05,basic,1,32,False
Ni,Mo2N_interface_(100)_dopAg,H,-311.38524777906184,-315.3497202594472,-6.557687608125613,-0.6856286763225756,-0.6856286763225756,MACE-MP-0_small,top_2,cache,True,completed,2026-05-05T21:29:07.766770,stage0,mace_small,MACE-MP-0,"1,1,1",30,0.05,basic,1,32,False
Ni,Mo2N_interface_(100)_dopAu,H,-311.38524777906184,-315.3497202594472,-6.557687608125613,-0.6856286763225756,-0.6856286763225756,MACE-MP-0_small,top_2,cache,True,completed,2026-05-05T21:30:10.976133,stage0,mace_small,MACE-MP-0,"1,1,1",30,0.05,basic,1,32,False
Ni,Mo2N_interface_(100)_dopIr,H,-311.38524777906184,-315.3497202594472,-6.557687608125613,-0.6856286763225756,-0.6856286763225756,MACE-MP-0_small,top_2,cache,True,completed,2026-05-05T21:31:15.537724,stage0,mace_small,MACE-MP-0,"1,1,1",30,0.05,basic,1,32,False
Ni,Mo2N_interface_(100)_dopNi,H,-311.38524777906184,-315.3497202594472,-6.557687608125613,-0.6856286763225756,-0.6856286763225756,MACE-MP-0_small,top_2,cache,True,completed,2026-05-05T21:32:19.543273,stage0,mace_small,MACE-MP-0,"1,1,1",30,0.05,basic,1,32,False
Ni,Mo2N_interface_(100)_dopPd,H,-311.38524777906184,-315.3497202594472,-6.557687608125613,-0.6856286763225756,-0.6856286763225756,MACE-MP-0_small,top_2,cache,True,completed,2026-05-05T21:33:23.424214,stage0,mace_small,MACE-MP-0,"1,1,1",30,0.05,basic,1,32,False
Ni,Mo2N_interface_(100)_dopPt,H,-311.38524777906184,-315.3497202594472,-6.557687608125613,-0.6856286763225756,-0.6856286763225756,MACE-MP-0_small,top_2,cache,True,completed,2026-05-05T21:34:26.715765,stage0,mace_small,MACE-MP-0,"1,1,1",30,0.05,basic,1,32,False
Ni,Mo2N_interface_(100)_dopRu,H,-311.38524777906184,-315.3497202594472,-6.557687608125613,-0.6856286763225756,-0.6856286763225756,MACE-MP-0_small,top_2,cache,True,completed,2026-05-05T21:35:31.531606,stage0,mace_small,MACE-MP-0,"1,1,1",30,0.05,basic,1,32,False
Ni,Mo2N_interface_(111),H,-34.97390862932906,-47.5202319108015,-6.557687608125613,-9.267479477409633,-9.267479477409633,MACE-MP-0_small,top_3,cache,True,completed,2026-05-05T21:36:36.191509,stage0,mace_small,MACE-MP-0,"1,1,1",30,0.05,basic,1,32,False
Ni,Mo2N_interface_(111)_cluster2Ag,H,-41.01268767780681,-44.95717797346532,-6.557687608125613,-0.6656464915957048,-0.6656464915957048,MACE-MP-0_small,bridge_center,cache,True,completed,2026-05-05T21:37:42.230852,stage0,mace_small,MACE-MP-0,"1,1,1",30,0.05,basic,1,32,False
Ni,Mo2N_interface_(111)_cluster2Au,H,-43.440086855770005,-46.23661733495521,-6.557687608125613,0.4823133248775986,0.4823133248775986,MACE-MP-0_small,top_2,cache,True,completed,2026-05-05T21:38:10.318346,stage0,mace_small,MACE-MP-0,"1,1,1",30,0.05,basic,1,32,False
Ni,Mo2N_interface_(111)_cluster2Ir,H,-44.7216132877914,-48.66893269603037,-6.557687608125613,-0.6684756041761619,-0.6684756041761619,MACE-MP-0_small,top_2,cache,True,completed,2026-05-05T21:38:30.986268,stage0,mace_small,MACE-MP-0,"1,1,1",30,0.05,basic,1,32,False
Ni,Mo2N_interface_(111)_cluster2Ni,H,-299.3337596870115,-303.3354168208062,-6.557687608125613,-0.7228133297319022,-0.7228133297319022,MACE-MP-0_small,top_2,cache,True,completed,2026-05-05T21:38:59.004227,stage0,mace_small,MACE-MP-0,"1,1,1",30,0.05,basic,1,32,False
Ni,Mo2N_interface_(111)_cluster2Pd,H,-45.785616274518304,-49.44411883300103,-6.557687608125613,-0.37965875441991725,-0.37965875441991725,MACE-MP-0_small,bridge_center,cache,True,completed,2026-05-05T21:39:23.770600,stage0,mace_small,MACE-MP-0,"1,1,1",30,0.05,basic,1,32,False
Ni,Mo2N_interface_(111)_cluster2Pt,H,-48.951008887594355,-52.60876645700364,-6.557687608125613,-0.378913765346478,-0.378913765346478,MACE-MP-0_small,top_2,cache,True,completed,2026-05-05T21:39:39.240662,stage0,mace_small,MACE-MP-0,"1,1,1",30,0.05,basic,1,32,False
Ni,Mo2N_interface_(111)_cluster2Ru,H,-305.62480499849534,-310.4029823469145,-6.557687608125613,-1.4993335443563427,-1.4993335443563427,MACE-MP-0_small,top_2,cache,True,completed,2026-05-05T21:40:01.341541,stage0,mace_small,MACE-MP-0,"1,1,1",30,0.05,basic,1,32,False
Ni,Mo2N_interface_(111)_cluster4Ag,H,-51.20897434691756,-56.283728640982645,-6.557687608125613,-1.795910490002281,-1.795910490002281,MACE-MP-0_small,top_4,cache,True,completed,2026-05-05T21:40:22.427914,stage0,mace_small,MACE-MP-0,"1,1,1",30,0.05,basic,1,32,False
Ni,Mo2N_interface_(111)_cluster4Au,H,-62.98119028862601,-66.57098210382236,-6.557687608125613,-0.3109480111335432,-0.3109480111335432,MACE-MP-0_small,top_4,cache,True,completed,2026-05-05T21:41:30.504565,stage0,mace_small,MACE-MP-0,"1,1,1",30,0.05,basic,1,32,False
Ni,Mo2N_interface_(111)_cluster4Ir,H,-71.49088701775867,-75.67310321381763,-6.557687608125613,-0.9033723919961534,-0.9033723919961534,MACE-MP-0_small,top_4,cache,True,completed,2026-05-05T21:42:10.653810,stage0,mace_small,MACE-MP-0,"1,1,1",30,0.05,basic,1,32,False
Ni,Mo2N_interface_(111)_cluster4Ni,H,-308.7666720987313,-313.6178472373033,-6.557687608125613,-1.5723313345091827,-1.5723313345091827,MACE-MP-0_small,top_centroid,cache,True,completed,2026-05-05T21:43:19.442272,stage0,mace_small,MACE-MP-0,"1,1,1",30,0.05,basic,1,32,False
Ni,Mo2N_interface_(111)_cluster4Pd,H,-68.70482676959881,-72.8278855804868,-6.557687608125613,-0.8442150068251766,-0.8442150068251766,MACE-MP-0_small,top_1,cache,True,completed,2026-05-05T21:44:26.286687,stage0,mace_small,MACE-MP-0,"1,1,1",30,0.05,basic,1,32,False
Ni,Mo2N_interface_(111)_cluster4Pt,H,-80.00441572777515,-83.6597769487318,-6.557687608125613,-0.3765174168938432,-0.3765174168938432,MACE-MP-0_small,top_4,cache,True,completed,2026-05-05T21:45:33.947361,stage0,mace_small,MACE-MP-0,"1,1,1",30,0.05,basic,1,32,False
Ni,Mo2N_interface_(111)_cluster4Ru,H,-321.9570100727098,-327.9780473349205,-6.557687608125613,-2.7421934581479053,-2.7421934581479053,MACE-MP-0_small,top_centroid,cache,True,completed,2026-05-05T21:46:24.519616,stage0,mace_small,MACE-MP-0,"1,1,1",30,0.05,basic,1,32,False
Ni,Mo2N_interface_(111)_dopAg,H,-34.97390862932906,-47.5202319108015,-6.557687608125613,-9.267479477409633,-9.267479477409633,MACE-MP-0_small,top_3,cache,True,completed,2026-05-05T21:47:13.011840,stage0,mace_small,MACE-MP-0,"1,1,1",30,0.05,basic,1,32,False
Ni,Mo2N_interface_(111)_dopAu,H,-34.97390862932906,-47.5202319108015,-6.557687608125613,-9.267479477409633,-9.267479477409633,MACE-MP-0_small,top_3,cache,True,completed,2026-05-05T21:48:18.722154,stage0,mace_small,MACE-MP-0,"1,1,1",30,0.05,basic,1,32,False
Ni,Mo2N_interface_(111)_dopIr,H,-34.97390862932906,-47.5202319108015,-6.557687608125613,-9.267479477409633,-9.267479477409633,MACE-MP-0_small,top_3,cache,True,completed,2026-05-05T21:49:24.441892,stage0,mace_small,MACE-MP-0,"1,1,1",30,0.05,basic,1,32,False
Ni,Mo2N_interface_(111)_dopNi,H,-34.97390862932906,-47.5202319108015,-6.557687608125613,-9.267479477409633,-9.267479477409633,MACE-MP-0_small,top_3,cache,True,completed,2026-05-05T21:50:30.419951,stage0,mace_small,MACE-MP-0,"1,1,1",30,0.05,basic,1,32,False
Ni,Mo2N_interface_(111)_dopPd,H,-34.97390862932906,-47.5202319108015,-6.557687608125613,-9.267479477409633,-9.267479477409633,MACE-MP-0_small,top_3,cache,True,completed,2026-05-05T21:51:36.656922,stage0,mace_small,MACE-MP-0,"1,1,1",30,0.05,basic,1,32,False
Ni,Mo2N_interface_(111)_dopPt,H,-34.97390862932906,-47.5202319108015,-6.557687608125613,-9.267479477409633,-9.267479477409633,MACE-MP-0_small,top_3,cache,True,completed,2026-05-05T21:52:42.194806,stage0,mace_small,MACE-MP-0,"1,1,1",30,0.05,basic,1,32,False
Ni,Mo2N_interface_(111)_dopRu,H,-34.97390862932906,-47.5202319108015,-6.557687608125613,-9.267479477409633,-9.267479477409633,MACE-MP-0_small,top_3,cache,True,completed,2026-05-05T21:53:47.677908,stage0,mace_small,MACE-MP-0,"1,1,1",30,0.05,basic,1,32,False
Ni,MoB_interface_(100),H,4030726234.743181,3752132105.898635,-6.557687608125613,-278594125.5657025,-278594125.5657025,MACE-MP-0_small,top_4,cache,True,completed,2026-05-05T21:54:53.837494,stage0,mace_small,MACE-MP-0,"1,1,1",30,0.05,basic,1,32,False
Ni,MoB_interface_(100)_cluster2Ag,H,4042702600.956926,4042218946.579585,-6.557687608125613,-483651.0984969895,-483651.0984969895,MACE-MP-0_small,top_2,cache,True,completed,2026-05-05T21:59:31.408106,stage0,mace_small,MACE-MP-0,"1,1,1",30,0.05,basic,1,32,False
Ni,MoB_interface_(100)_cluster2Au,H,4205469701.3251514,4204396481.800553,-6.557687608125613,-1073216.2457547945,-1073216.2457547945,MACE-MP-0_small,top_1,cache,True,completed,2026-05-05T22:01:22.343305,stage0,mace_small,MACE-MP-0,"1,1,1",30,0.05,basic,1,32,False
Ni,MoB_interface_(100)_cluster2Ir,H,4280176023.4984565,4279839358.0016394,-6.557687608125613,-336662.2179733079,-336662.2179733079,MACE-MP-0_small,bridge_center,cache,True,completed,2026-05-05T22:03:37.123746,stage0,mace_small,MACE-MP-0,"1,1,1",30,0.05,basic,1,32,False
Ni,MoB_interface_(100)_cluster2Pd,H,4207031941.451576,4205963320.769342,-6.557687608125613,-1068617.4033904832,-1068617.4033904832,MACE-MP-0_small,top_1,cache,True,completed,2026-05-05T22:05:32.862076,stage0,mace_small,MACE-MP-0,"1,1,1",30,0.05,basic,1,32,False
Ni,MoB_interface_(100)_cluster2Pt,H,4274498152.291257,4273357778.646427,-6.557687608125613,-1140370.365985946,-1140370.365985946,MACE-MP-0_small,top_1,cache,True,completed,2026-05-05T22:07:48.989198,stage0,mace_small,MACE-MP-0,"1,1,1",30,0.05,basic,1,32,False
Ni,MoB_interface_(100)_cluster4Ag,H,3870781341.7831116,3869853538.662154,-6.557687608125613,-927799.8421135705,-927799.8421135705,MACE-MP-0_small,top_3,cache,True,completed,2026-05-05T22:10:06.627440,stage0,mace_small,MACE-MP-0,"1,1,1",30,0.05,basic,1,32,False
Ni,MoB_interface_(100)_cluster4Au,H,4235831140.2793503,4234592718.4650707,-6.557687608125613,-1238418.5354357522,-1238418.5354357522,MACE-MP-0_small,top_2,cache,True,completed,2026-05-05T22:14:06.585799,stage0,mace_small,MACE-MP-0,"1,1,1",30,0.05,basic,1,32,False
Ni,MoB_interface_(100)_cluster4Ir,H,4194108642.8978367,4193393548.782344,-6.557687608125613,-715090.8366490167,-715090.8366490167,MACE-MP-0_small,bridge_center,cache,True,completed,2026-05-05T22:19:51.237199,stage0,mace_small,MACE-MP-0,"1,1,1",30,0.05,basic,1,32,False
Ni,MoB_interface_(100)_cluster4Pd,H,4171080041.3593454,4169873085.5871043,-6.557687608125613,-1206952.4933973115,-1206952.4933973115,MACE-MP-0_small,top_1,cache,True,completed,2026-05-05T22:24:39.832371,stage0,mace_small,MACE-MP-0,"1,1,1",30,0.05,basic,1,32,False
Ni,MoB_interface_(100)_cluster4Pt,H,4262795037.9133444,4261592950.479808,-6.557687608125613,-1202084.1546927255,-1202084.1546927255,MACE-MP-0_small,bridge_center,cache,True,completed,2026-05-05T22:30:23.323105,stage0,mace_small,MACE-MP-0,"1,1,1",30,0.05,basic,1,32,False
Ni,MoB_interface_(100)_dopAg,H,4030726234.743181,3752132105.898635,-6.557687608125613,-278594125.5657025,-278594125.5657025,MACE-MP-0_small,top_4,cache,True,completed,2026-05-05T22:36:09.488630,stage0,mace_small,MACE-MP-0,"1,1,1",30,0.05,basic,1,32,False
Ni,MoB_interface_(100)_dopAu,H,4030726234.743181,3752132105.898635,-6.557687608125613,-278594125.5657025,-278594125.5657025,MACE-MP-0_small,top_4,cache,True,completed,2026-05-05T22:40:46.721580,stage0,mace_small,MACE-MP-0,"1,1,1",30,0.05,basic,1,32,False
Ni,MoB_interface_(100)_dopIr,H,4030726234.743181,3752132105.898635,-6.557687608125613,-278594125.5657025,-278594125.5657025,MACE-MP-0_small,top_4,cache,True,completed,2026-05-05T22:45:23.192295,stage0,mace_small,MACE-MP-0,"1,1,1",30,0.05,basic,1,32,False
Ni,MoB_interface_(100)_dopNi,H,4030726234.743181,3752132105.898635,-6.557687608125613,-278594125.5657025,-278594125.5657025,MACE-MP-0_small,top_4,cache,True,completed,2026-05-05T22:49:58.108718,stage0,mace_small,MACE-MP-0,"1,1,1",30,0.05,basic,1,32,False
Ni,MoB_interface_(100)_dopPd,H,4030726234.743181,3752132105.898635,-6.557687608125613,-278594125.5657025,-278594125.5657025,MACE-MP-0_small,top_4,cache,True,completed,2026-05-05T22:54:35.245660,stage0,mace_small,MACE-MP-0,"1,1,1",30,0.05,basic,1,32,False
Ni,MoB_interface_(100)_dopPt,H,4030726234.743181,3752132105.898635,-6.557687608125613,-278594125.5657025,-278594125.5657025,MACE-MP-0_small,top_4,cache,True,completed,2026-05-05T22:59:09.167125,stage0,mace_small,MACE-MP-0,"1,1,1",30,0.05,basic,1,32,False
Ni,MoB_interface_(100)_dopRu,H,4030726234.743181,3752132105.898635,-6.557687608125613,-278594125.5657025,-278594125.5657025,MACE-MP-0_small,top_4,cache,True,completed,2026-05-05T23:03:44.899770,stage0,mace_small,MACE-MP-0,"1,1,1",30,0.05,basic,1,32,False
Ni,MoB_interface_(111),H,6604667080.8589,6197281200.765818,-6.557687608125613,-407385876.8142386,-407385876.8142386,MACE-MP-0_small,top_1,cache,True,completed,2026-05-05T23:08:21.854595,stage0,mace_small,MACE-MP-0,"1,1,1",30,0.05,basic,1,32,False
Ni,MoB_interface_(111)_cluster2Ag,H,6663735502.716976,6476036033.5765295,-6.557687608125613,-187699465.86160287,-187699465.86160287,MACE-MP-0_small,bridge_center,cache,True,completed,2026-05-05T23:15:05.902563,stage0,mace_small,MACE-MP-0,"1,1,1",30,0.05,basic,1,32,False
Ni,MoB_interface_(111)_cluster2Au,H,6614647415.115033,6422581889.921092,-6.557687608125613,-192065521.91509733,-192065521.91509733,MACE-MP-0_small,top_1,cache,True,completed,2026-05-05T23:18:31.519880,stage0,mace_small,MACE-MP-0,"1,1,1",30,0.05,basic,1,32,False
Ni,MoB_interface_(111)_cluster2Ir,H,6772844808.029851,6554657118.030283,-6.557687608125613,-218187686.7207242,-218187686.7207242,MACE-MP-0_small,top_2,cache,True,completed,2026-05-05T23:21:36.916120,stage0,mace_small,MACE-MP-0,"1,1,1",30,0.05,basic,1,32,False
Ni,MoB_interface_(111)_cluster2Pd,H,6667737222.5863,6532298557.666754,-6.557687608125613,-135438661.64070234,-135438661.64070234,MACE-MP-0_small,top_2,cache,True,completed,2026-05-05T23:24:55.626004,stage0,mace_small,MACE-MP-0,"1,1,1",30,0.05,basic,1,32,False
Ni,MoB_interface_(111)_cluster2Pt,H,6715065465.204983,6491683225.048691,-6.557687608125613,-223382236.87744817,-223382236.87744817,MACE-MP-0_small,bridge_center,cache,True,completed,2026-05-05T23:28:22.934419,stage0,mace_small,MACE-MP-0,"1,1,1",30,0.05,basic,1,32,False
Ni,MoB_interface_(111)_cluster4Ag,H,6752055167.762688,6548781401.045107,-6.557687608125613,-203273763.438737,-203273763.438737,MACE-MP-0_small,top_3,cache,True,completed,2026-05-05T23:31:10.109725,stage0,mace_small,MACE-MP-0,"1,1,1",30,0.05,basic,1,32,False
Ni,MoB_interface_(111)_cluster4Au,H,6650384118.938619,6463275903.496458,-6.557687608125613,-187108212.16331682,-187108212.16331682,MACE-MP-0_small,top_1,cache,True,completed,2026-05-05T23:37:59.228877,stage0,mace_small,MACE-MP-0,"1,1,1",30,0.05,basic,1,32,False
Ni,MoB_interface_(111)_cluster4Ir,H,6875341293.401765,6568991692.842277,-6.557687608125613,-306349597.2806445,-306349597.2806445,MACE-MP-0_small,bridge_center,cache,True,completed,2026-05-05T23:44:14.752452,stage0,mace_small,MACE-MP-0,"1,1,1",30,0.05,basic,1,32,False
Ni,MoB_interface_(111)_cluster4Pd,H,6715446292.860987,6505889046.077636,-6.557687608125613,-209557243.50450715,-209557243.50450715,MACE-MP-0_small,bridge_center,cache,True,completed,2026-05-05T23:51:25.208444,stage0,mace_small,MACE-MP-0,"1,1,1",30,0.05,basic,1,32,False
Ni,MoB_interface_(111)_cluster4Pt,H,6799813927.38156,6512535370.900793,-6.557687608125613,-287278553.20192343,-287278553.20192343,MACE-MP-0_small,bridge_center,cache,True,completed,2026-05-05T23:58:28.028313,stage0,mace_small,MACE-MP-0,"1,1,1",30,0.05,basic,1,32,False
Ni,MoB_interface_(111)_dopAg,H,6604667080.8589,6197281200.765818,-6.557687608125613,-407385876.8142386,-407385876.8142386,MACE-MP-0_small,top_1,cache,True,completed,2026-05-06T00:04:05.813697,stage0,mace_small,MACE-MP-0,"1,1,1",30,0.05,basic,1,32,False
Ni,MoB_interface_(111)_dopAu,H,6604667080.8589,6197281200.765818,-6.557687608125613,-407385876.8142386,-407385876.8142386,MACE-MP-0_small,top_1,cache,True,completed,2026-05-06T00:10:53.474053,stage0,mace_small,MACE-MP-0,"1,1,1",30,0.05,basic,1,32,False
Ni,MoB_interface_(111)_dopIr,H,6604667080.8589,6197281200.765818,-6.557687608125613,-407385876.8142386,-407385876.8142386,MACE-MP-0_small,top_1,cache,True,completed,2026-05-06T00:17:26.658606,stage0,mace_small,MACE-MP-0,"1,1,1",30,0.05,basic,1,32,False
Ni,MoB_interface_(111)_dopNi,H,6604667080.8589,6197281200.765818,-6.557687608125613,-407385876.8142386,-407385876.8142386,MACE-MP-0_small,top_1,cache,True,completed,2026-05-06T00:24:24.092216,stage0,mace_small,MACE-MP-0,"1,1,1",30,0.05,basic,1,32,False
Ni,MoB_interface_(111)_dopPd,H,6604667080.8589,6197281200.765818,-6.557687608125613,-407385876.8142386,-407385876.8142386,MACE-MP-0_small,top_1,cache,True,completed,2026-05-06T00:31:07.812201,stage0,mace_small,MACE-MP-0,"1,1,1",30,0.05,basic,1,32,False
Ni,MoB_interface_(111)_dopPt,H,6604667080.8589,6197281200.765818,-6.557687608125613,-407385876.8142386,-407385876.8142386,MACE-MP-0_small,top_1,cache,True,completed,2026-05-06T00:37:47.118145,stage0,mace_small,MACE-MP-0,"1,1,1",30,0.05,basic,1,32,False
Ni,MoB_interface_(111)_dopRu,H,6604667080.8589,6197281200.765818,-6.557687608125613,-407385876.8142386,-407385876.8142386,MACE-MP-0_small,top_1,cache,True,completed,2026-05-06T00:44:31.327431,stage0,mace_small,MACE-MP-0,"1,1,1",30,0.05,basic,1,32,False
Ni,MoS2_interface_(100),H,-315.20015567676,-319.06945420802987,-6.557687608125613,-0.5904547272070562,-0.5904547272070562,MACE-MP-0_small,bridge_center,cache,True,completed,2026-05-06T00:51:07.443994,stage0,mace_small,MACE-MP-0,"1,1,1",30,0.05,basic,1,32,False
Ni,MoS2_interface_(100)_cluster2Ag,H,-317.3629200329117,-320.72782689457034,-6.557687608125613,-0.08606305759584698,-0.08606305759584698,MACE-MP-0_small,bridge_center,cache,True,completed,2026-05-06T00:52:14.917611,stage0,mace_small,MACE-MP-0,"1,1,1",30,0.05,basic,1,32,False
Ni,MoS2_interface_(100)_cluster2Au,H,-312.58606790879134,-317.1530674486485,-6.557687608125613,-1.2881557357943865,-1.2881557357943865,MACE-MP-0_small,top_2,cache,True,completed,2026-05-06T00:52:50.950403,stage0,mace_small,MACE-MP-0,"1,1,1",30,0.05,basic,1,32,False
Ni,MoS2_interface_(100)_cluster2Ir,H,-321.8594836845502,-327.1657357700153,-6.557687608125613,-2.027408281402326,-2.027408281402326,MACE-MP-0_small,top_1,cache,True,completed,2026-05-06T00:53:13.777163,stage0,mace_small,MACE-MP-0,"1,1,1",30,0.05,basic,1,32,False
Ni,MoS2_interface_(100)_cluster2Pd,H,-320.9471485361748,-325.70027494484344,-6.557687608125613,-1.474282604605857,-1.474282604605857,MACE-MP-0_small,bridge_center,cache,True,completed,2026-05-06T00:53:43.893916,stage0,mace_small,MACE-MP-0,"1,1,1",30,0.05,basic,1,32,False
Ni,MoS2_interface_(100)_cluster2Pt,H,-322.2162665741052,-326.82300819350417,-6.557687608125613,-1.327897815336168,-1.327897815336168,MACE-MP-0_small,bridge_center,cache,True,completed,2026-05-06T00:54:16.903744,stage0,mace_small,MACE-MP-0,"1,1,1",30,0.05,basic,1,32,False
Ni,MoS2_interface_(100)_cluster4Ag,H,-317.0516654586492,-320.8426315898968,-6.557687608125613,-0.5121223271848083,-0.5121223271848083,MACE-MP-0_small,bridge_center,cache,True,completed,2026-05-06T00:54:44.339699,stage0,mace_small,MACE-MP-0,"1,1,1",30,0.05,basic,1,32,False
Ni,MoS2_interface_(100)_cluster4Au,H,-304.5141483912379,-310.11664559133465,-6.557687608125613,-2.3236533960339574,-2.3236533960339574,MACE-MP-0_small,top_1,cache,True,completed,2026-05-06T00:55:49.963213,stage0,mace_small,MACE-MP-0,"1,1,1",30,0.05,basic,1,32,False
Ni,MoS2_interface_(100)_cluster4Ir,H,-336.0794181434775,-341.12615296234145,-6.557687608125613,-1.7678910148011613,-1.7678910148011613,MACE-MP-0_small,top_4,cache,True,completed,2026-05-06T00:56:44.962990,stage0,mace_small,MACE-MP-0,"1,1,1",30,0.05,basic,1,32,False
Ni,MoS2_interface_(100)_cluster4Pd,H,-327.75571059994894,-332.40812880808903,-6.557687608125613,-1.3735744040772846,-1.3735744040772846,MACE-MP-0_small,top_centroid,cache,True,completed,2026-05-06T00:57:35.463298,stage0,mace_small,MACE-MP-0,"1,1,1",30,0.05,basic,1,32,False
Ni,MoS2_interface_(100)_cluster4Pt,H,-330.68148230945707,-335.07151661083464,-6.557687608125613,-1.111190497314762,-1.111190497314762,MACE-MP-0_small,bridge_center,cache,True,completed,2026-05-06T00:58:37.860198,stage0,mace_small,MACE-MP-0,"1,1,1",30,0.05,basic,1,32,False
Ni,MoS2_interface_(100)_dopAg,H,-315.20015567676,-319.06945420802987,-6.557687608125613,-0.5904547272070562,-0.5904547272070562,MACE-MP-0_small,bridge_center,cache,True,completed,2026-05-06T00:59:31.930655,stage0,mace_small,MACE-MP-0,"1,1,1",30,0.05,basic,1,32,False
Ni,MoS2_interface_(100)_dopAu,H,-315.20015567676,-319.06945420802987,-6.557687608125613,-0.5904547272070562,-0.5904547272070562,MACE-MP-0_small,bridge_center,cache,True,completed,2026-05-06T01:00:38.942832,stage0,mace_small,MACE-MP-0,"1,1,1",30,0.05,basic,1,32,False
Ni,MoS2_interface_(100)_dopIr,H,-315.20015567676,-319.06945420802987,-6.557687608125613,-0.5904547272070562,-0.5904547272070562,MACE-MP-0_small,bridge_center,cache,True,completed,2026-05-06T01:01:45.715197,stage0,mace_small,MACE-MP-0,"1,1,1",30,0.05,basic,1,32,False
Ni,MoS2_interface_(100)_dopNi,H,-315.20015567676,-319.06945420802987,-6.557687608125613,-0.5904547272070562,-0.5904547272070562,MACE-MP-0_small,bridge_center,cache,True,completed,2026-05-06T01:02:53.107249,stage0,mace_small,MACE-MP-0,"1,1,1",30,0.05,basic,1,32,False
Ni,MoS2_interface_(100)_dopPd,H,-315.20015567676,-319.06945420802987,-6.557687608125613,-0.5904547272070562,-0.5904547272070562,MACE-MP-0_small,bridge_center,cache,True,completed,2026-05-06T01:04:00.848755,stage0,mace_small,MACE-MP-0,"1,1,1",30,0.05,basic,1,32,False
Ni,MoS2_interface_(100)_dopPt,H,-315.20015567676,-319.06945420802987,-6.557687608125613,-0.5904547272070562,-0.5904547272070562,MACE-MP-0_small,bridge_center,cache,True,completed,2026-05-06T01:05:08.968643,stage0,mace_small,MACE-MP-0,"1,1,1",30,0.05,basic,1,32,False
Ni,MoS2_interface_(100)_dopRu,H,-315.20015567676,-319.06945420802987,-6.557687608125613,-0.5904547272070562,-0.5904547272070562,MACE-MP-0_small,bridge_center,cache,True,completed,2026-05-06T01:06:15.710487,stage0,mace_small,MACE-MP-0,"1,1,1",30,0.05,basic,1,32,False
Ni,MoS2_interface_(111),H,13505.513130731782,11154.29493164621,-6.557687608125613,-2347.9393552815086,-2347.9393552815086,MACE-MP-0_small,top_2,cache,True,completed,2026-05-06T01:07:22.723378,stage0,mace_small,MACE-MP-0,"1,1,1",30,0.05,basic,1,32,False
Ni,MoS2_interface_(111)_cluster2Ag,H,13376.549867235957,11408.513773484463,-6.557687608125613,-1964.7572499474315,-1964.7572499474315,MACE-MP-0_small,bridge_center,cache,True,completed,2026-05-06T01:08:32.242176,stage0,mace_small,MACE-MP-0,"1,1,1",30,0.05,basic,1,32,False
Ni,MoS2_interface_(111)_cluster2Au,H,12949.424064861403,10898.409132366098,-6.557687608125613,-2047.7360886912427,-2047.7360886912427,MACE-MP-0_small,bridge_center,cache,True,completed,2026-05-06T01:09:17.311465,stage0,mace_small,MACE-MP-0,"1,1,1",30,0.05,basic,1,32,False
Ni,MoS2_interface_(111)_cluster2Ir,H,12301.853085939852,10048.199545251337,-6.557687608125613,-2250.374696884453,-2250.374696884453,MACE-MP-0_small,top_2,cache,True,completed,2026-05-06T01:09:43.350286,stage0,mace_small,MACE-MP-0,"1,1,1",30,0.05,basic,1,32,False
Ni,MoS2_interface_(111)_cluster2Pd,H,12575.384370455007,12574.17225644679,-6.557687608125613,2.0667297958446835,2.0667297958446835,MACE-MP-0_small,top_2,cache,True,completed,2026-05-06T01:10:20.951216,stage0,mace_small,MACE-MP-0,"1,1,1",30,0.05,basic,1,32,False
Ni,MoS2_interface_(111)_cluster2Pt,H,12533.052409425782,10320.559530225333,-6.557687608125613,-2209.2140353963855,-2209.2140353963855,MACE-MP-0_small,bridge_center,cache,True,completed,2026-05-06T01:11:06.166129,stage0,mace_small,MACE-MP-0,"1,1,1",30,0.05,basic,1,32,False
Ni,MoS2_interface_(111)_cluster4Ag,H,14357.655900241412,12673.794167559716,-6.557687608125613,-1680.5828888776339,-1680.5828888776339,MACE-MP-0_small,top_3,cache,True,completed,2026-05-06T01:11:38.644611,stage0,mace_small,MACE-MP-0,"1,1,1",30,0.05,basic,1,32,False
Ni,MoS2_interface_(111)_cluster4Au,H,14147.754507014553,11584.124481921985,-6.557687608125613,-2560.351181288506,-2560.351181288506,MACE-MP-0_small,top_centroid,cache,True,completed,2026-05-06T01:13:07.953527,stage0,mace_small,MACE-MP-0,"1,1,1",30,0.05,basic,1,32,False
Ni,MoS2_interface_(111)_cluster4Ir,H,13219.808492942419,11940.853886033066,-6.557687608125613,-1275.6757631052894,-1275.6757631052894,MACE-MP-0_small,top_3,cache,True,completed,2026-05-06T01:14:33.407655,stage0,mace_small,MACE-MP-0,"1,1,1",30,0.05,basic,1,32,False
Ni,MoS2_interface_(111)_cluster4Pd,H,13701.031889274054,11961.185809033284,-6.557687608125613,-1736.5672364367072,-1736.5672364367072,MACE-MP-0_small,top_centroid,cache,True,completed,2026-05-06T01:16:00.745153,stage0,mace_small,MACE-MP-0,"1,1,1",30,0.05,basic,1,32,False
Ni,MoS2_interface_(111)_cluster4Pt,H,13750.963331312312,12157.276905846764,-6.557687608125613,-1590.4075816614857,-1590.4075816614857,MACE-MP-0_small,top_4,cache,True,completed,2026-05-06T01:17:33.405668,stage0,mace_small,MACE-MP-0,"1,1,1",30,0.05,basic,1,32,False
Ni,MoS2_interface_(111)_dopAg,H,13505.513130731782,11154.29493164621,-6.557687608125613,-2347.9393552815086,-2347.9393552815086,MACE-MP-0_small,top_2,cache,True,completed,2026-05-06T01:19:06.384301,stage0,mace_small,MACE-MP-0,"1,1,1",30,0.05,basic,1,32,False
Ni,MoS2_interface_(111)_dopAu,H,13505.513130731782,11154.29493164621,-6.557687608125613,-2347.9393552815086,-2347.9393552815086,MACE-MP-0_small,top_2,cache,True,completed,2026-05-06T01:20:15.950632,stage0,mace_small,MACE-MP-0,"1,1,1",30,0.05,basic,1,32,False
Ni,MoS2_interface_(111)_dopIr,H,13505.513130731782,11154.29493164621,-6.557687608125613,-2347.9393552815086,-2347.9393552815086,MACE-MP-0_small,top_2,cache,True,completed,2026-05-06T01:21:24.903082,stage0,mace_small,MACE-MP-0,"1,1,1",30,0.05,basic,1,32,False
Ni,MoS2_interface_(111)_dopNi,H,13505.513130731782,11154.29493164621,-6.557687608125613,-2347.9393552815086,-2347.9393552815086,MACE-MP-0_small,top_2,cache,True,completed,2026-05-06T01:22:34.540022,stage0,mace_small,MACE-MP-0,"1,1,1",30,0.05,basic,1,32,False
Ni,MoS2_interface_(111)_dopPd,H,13505.513130731782,11154.29493164621,-6.557687608125613,-2347.9393552815086,-2347.9393552815086,MACE-MP-0_small,top_2,cache,True,completed,2026-05-06T01:23:44.407069,stage0,mace_small,MACE-MP-0,"1,1,1",30,0.05,basic,1,32,False
Ni,MoS2_interface_(111)_dopPt,H,13505.513130731782,11154.29493164621,-6.557687608125613,-2347.9393552815086,-2347.9393552815086,MACE-MP-0_small,top_2,cache,True,completed,2026-05-06T01:24:53.434912,stage0,mace_small,MACE-MP-0,"1,1,1",30,0.05,basic,1,32,False
Ni,MoS2_interface_(111)_dopRu,H,13505.513130731782,11154.29493164621,-6.557687608125613,-2347.9393552815086,-2347.9393552815086,MACE-MP-0_small,top_2,cache,True,completed,2026-05-06T01:26:03.547280,stage0,mace_small,MACE-MP-0,"1,1,1",30,0.05,basic,1,32,False
Ni,Ti3C2O2_interface_(100),H,-15.651109181547554,-16.863076010615487,-6.557687608125613,2.0668769749948734,2.0668769749948734,MACE-MP-0_small,top_2,cache,True,completed,2026-05-06T01:27:12.471854,stage0,mace_small,MACE-MP-0,"1,1,1",30,0.05,basic,1,32,False
Ni,Ti3C2O2_interface_(100)_cluster2Ag,H,34.00722310154674,32.58384848827325,-6.557687608125613,1.8554691907893113,1.8554691907893113,MACE-MP-0_small,bridge_center,cache,True,completed,2026-05-06T01:29:11.263663,stage0,mace_small,MACE-MP-0,"1,1,1",30,0.05,basic,1,32,False
Ni,Ti3C2O2_interface_(100)_cluster2Au,H,29.954756397956203,28.42775503628377,-6.557687608125613,1.7518424423903736,1.7518424423903736,MACE-MP-0_small,bridge_center,cache,True,completed,2026-05-06T01:29:59.864199,stage0,mace_small,MACE-MP-0,"1,1,1",30,0.05,basic,1,32,False
Ni,Ti3C2O2_interface_(100)_cluster2Ir,H,52.11545107651216,49.42747549374076,-6.557687608125613,0.5908682212914056,0.5908682212914056,MACE-MP-0_small,top_2,cache,True,completed,2026-05-06T01:30:45.443256,stage0,mace_small,MACE-MP-0,"1,1,1",30,0.05,basic,1,32,False
Ni,Ti3C2O2_interface_(100)_cluster2Pd,H,22.484956262074775,20.039937157372492,-6.557687608125613,0.8338246993605236,0.8338246993605236,MACE-MP-0_small,top_1,cache,True,completed,2026-05-06T01:31:28.607505,stage0,mace_small,MACE-MP-0,"1,1,1",30,0.05,basic,1,32,False
Ni,Ti3C2O2_interface_(100)_cluster2Pt,H,46.200021784527394,43.93076700579047,-6.557687608125613,1.0095890253258841,1.0095890253258841,MACE-MP-0_small,bridge_center,cache,True,completed,2026-05-06T01:32:03.435300,stage0,mace_small,MACE-MP-0,"1,1,1",30,0.05,basic,1,32,False
Ni,Ti3C2O2_interface_(100)_cluster4Ag,H,87.88285431255349,86.36465566404388,-6.557687608125613,1.760645155553196,1.760645155553196,MACE-MP-0_small,bridge_center,cache,True,completed,2026-05-06T01:32:40.376920,stage0,mace_small,MACE-MP-0,"1,1,1",30,0.05,basic,1,32,False
Ni,Ti3C2O2_interface_(100)_cluster4Au,H,83.39917605398307,82.18041074931318,-6.557687608125613,2.0600784993929193,2.0600784993929193,MACE-MP-0_small,top_centroid,cache,True,completed,2026-05-06T01:34:23.821317,stage0,mace_small,MACE-MP-0,"1,1,1",30,0.05,basic,1,32,False
Ni,Ti3C2O2_interface_(100)_cluster4Ir,H,137.40812714105402,134.8166027638623,-6.557687608125613,0.6873194268710887,0.6873194268710887,MACE-MP-0_small,top_1,cache,True,completed,2026-05-06T01:35:28.781786,stage0,mace_small,MACE-MP-0,"1,1,1",30,0.05,basic,1,32,False
Ni,Ti3C2O2_interface_(100)_cluster4Pd,H,68.97616111769423,66.63841251763222,-6.557687608125613,0.9410952040007925,0.9410952040007925,MACE-MP-0_small,top_centroid,cache,True,completed,2026-05-06T01:36:38.840869,stage0,mace_small,MACE-MP-0,"1,1,1",30,0.05,basic,1,32,False
Ni,Ti3C2O2_interface_(100)_cluster4Pt,H,126.6436482420529,124.7331738348131,-6.557687608125613,1.3683693968230028,1.3683693968230028,MACE-MP-0_small,top_centroid,cache,True,completed,2026-05-06T01:38:03.282571,stage0,mace_small,MACE-MP-0,"1,1,1",30,0.05,basic,1,32,False
Ni,Ti3C2O2_interface_(111),H,467.13498634442954,-4097.481635222812,-6.557687608125613,-4561.337777763179,-4561.337777763179,MACE-MP-0_small,top_5,cache,True,completed,2026-05-06T01:39:25.796125,stage0,mace_small,MACE-MP-0,"1,1,1",30,0.05,basic,1,32,False
Ni,Ti3C2O2_interface_(111)_cluster2Ag,H,993.5991342409031,991.587089685074,-6.557687608125613,1.2667992482336996,1.2667992482336996,MACE-MP-0_small,top_1,cache,True,completed,2026-05-06T01:42:04.502546,stage0,mace_small,MACE-MP-0,"1,1,1",30,0.05,basic,1,32,False
Ni,Ti3C2O2_interface_(111)_cluster2Au,H,897.4695941707005,896.0140516209817,-6.557687608125613,1.8233012543440492,1.8233012543440492,MACE-MP-0_small,top_2,cache,True,completed,2026-05-06T01:43:06.253938,stage0,mace_small,MACE-MP-0,"1,1,1",30,0.05,basic,1,32,False
Ni,Ti3C2O2_interface_(111)_cluster2Ir,H,993.125295994527,990.5264129665807,-6.557687608125613,0.6799607761164208,0.6799607761164208,MACE-MP-0_small,top_1,cache,True,completed,2026-05-06T01:44:12.052255,stage0,mace_small,MACE-MP-0,"1,1,1",30,0.05,basic,1,32,False
Ni,Ti3C2O2_interface_(111)_cluster2Pd,H,830.9682010607726,829.7577917135568,-6.557687608125613,2.0684344568470334,2.0684344568470334,MACE-MP-0_small,top_1,cache,True,completed,2026-05-06T01:45:02.591104,stage0,mace_small,MACE-MP-0,"1,1,1",30,0.05,basic,1,32,False
Ni,Ti3C2O2_interface_(111)_cluster2Pt,H,988.816418093104,987.6055797869167,-6.557687608125613,2.0680054978755362,2.0680054978755362,MACE-MP-0_small,top_2,cache,True,completed,2026-05-06T01:46:03.177862,stage0,mace_small,MACE-MP-0,"1,1,1",30,0.05,basic,1,32,False
Ni,Ti3C2O2_interface_(111)_cluster4Ag,H,1258.8179487230693,1253.8013628013948,-6.557687608125613,-1.7377421176116985,-1.7377421176116985,MACE-MP-0_small,top_3,cache,True,completed,2026-05-06T01:47:05.413974,stage0,mace_small,MACE-MP-0,"1,1,1",30,0.05,basic,1,32,False
Ni,Ti3C2O2_interface_(111)_cluster4Au,H,1150.9485470650873,1102.1536332208645,-6.557687608125613,-45.51607004015991,-45.51607004015991,MACE-MP-0_small,top_3,cache,True,completed,2026-05-06T01:49:08.244223,stage0,mace_small,MACE-MP-0,"1,1,1",30,0.05,basic,1,32,False
Ni,Ti3C2O2_interface_(111)_cluster4Ir,H,1415.5818516275071,-6113.752009473291,-6.557687608125613,-7526.055017296736,-7526.055017296736,MACE-MP-0_small,top_3,cache,True,completed,2026-05-06T01:50:42.706527,stage0,mace_small,MACE-MP-0,"1,1,1",30,0.05,basic,1,32,False
Ni,Ti3C2O2_interface_(111)_cluster4Pd,H,1016.596125934401,1015.174015502801,-6.557687608125613,1.8567333724628026,1.8567333724628026,MACE-MP-0_small,top_1,cache,True,completed,2026-05-06T01:53:04.577353,stage0,mace_small,MACE-MP-0,"1,1,1",30,0.05,basic,1,32,False
Ni,Ti3C2O2_interface_(111)_cluster4Pt,H,1245.879405406792,1244.6182895154598,-6.557687608125613,2.0177279127304684,2.0177279127304684,MACE-MP-0_small,top_centroid,cache,True,completed,2026-05-06T01:55:21.051304,stage0,mace_small,MACE-MP-0,"1,1,1",30,0.05,basic,1,32,False
Ti3C2O2,(100),H,-932.2723000633976,-937.7992641377833,-6.557687608125613,-2.2481202703229672,-2.2481202703229672,MACE-MP-0_small,top_1,cache,True,completed,2026-05-06T01:57:45.773831,stage0,mace_small,MACE-MP-0,"1,1,1",30,0.05,basic,1,32,False
Ti3C2O2,(110),H,-891.8052540317271,-897.439248536403,-6.557687608125613,-2.355150700613105,-2.355150700613105,MACE-MP-0_small,top_3,cache,True,completed,2026-05-06T01:58:29.380159,stage0,mace_small,MACE-MP-0,"1,1,1",30,0.05,basic,1,32,False
Ti3C2O2,(111),H,-924.0632337922216,-928.7381958318462,-6.557687608125613,-1.3961182355617683,-1.3961182355617683,MACE-MP-0_small,top_2,cache,True,completed,2026-05-06T01:59:24.585311,stage0,mace_small,MACE-MP-0,"1,1,1",30,0.05,basic,1,32,False
graphene,N_doped,H,-293.8199955206055,-296.40068103088555,-6.557687608125613,0.6981582937827722,0.6981582937827722,MACE-MP-0_small,top_5,cache,True,completed,2026-05-06T02:01:12.297717,stage0,mace_small,MACE-MP-0,"1,1,1",30,0.05,basic,1,32,False
graphene,nanoribbon,H,-317.66807460802727,-319.87122709702425,-6.557687608125613,1.075691315065829,1.075691315065829,MACE-MP-0_small,top_2,cache,True,completed,2026-05-06T02:01:39.425705,stage0,mace_small,MACE-MP-0,"1,1,1",30,0.05,basic,1,32,False
graphene,sheet,H,-295.0215307200041,-297.224397937309,-6.557687608125613,1.0759765867578932,1.0759765867578932,MACE-MP-0_small,top_1,cache,True,completed,2026-05-06T02:01:56.576200,stage0,mace_small,MACE-MP-0,"1,1,1",30,0.05,basic,1,32,False
